"source","target","ligand","receptor","prob","pval","interaction_name","interaction_name_2","pathway_name","annotation","evidence"
"C0","C1","NAMPT","INSR",0.00369580643425623,0,"NAMPT_INSR","NAMPT - INSR","VISFATIN","Secreted Signaling","PMID: 28490838"
"C1","C1","NAMPT","INSR",0.0104088665138554,0,"NAMPT_INSR","NAMPT - INSR","VISFATIN","Secreted Signaling","PMID: 28490838"
"C2","C1","NAMPT","INSR",0.0156824688109129,0,"NAMPT_INSR","NAMPT - INSR","VISFATIN","Secreted Signaling","PMID: 28490838"
"C3","C1","NAMPT","INSR",0.0110914937010594,0,"NAMPT_INSR","NAMPT - INSR","VISFATIN","Secreted Signaling","PMID: 28490838"
"C2","C1","NAMPT","ITGA5_ITGB1",0.0237928469061506,0,"NAMPT_ITGA5_ITGB1","NAMPT - (ITGA5+ITGB1)","VISFATIN","Secreted Signaling","PMID: 28490838"
"C1","C2","NAMPT","ITGA5_ITGB1",0.0298273654494934,0,"NAMPT_ITGA5_ITGB1","NAMPT - (ITGA5+ITGB1)","VISFATIN","Secreted Signaling","PMID: 28490838"
"C2","C2","NAMPT","ITGA5_ITGB1",0.0444968792735159,0,"NAMPT_ITGA5_ITGB1","NAMPT - (ITGA5+ITGB1)","VISFATIN","Secreted Signaling","PMID: 28490838"
"C3","C2","NAMPT","ITGA5_ITGB1",0.0317426342501916,0,"NAMPT_ITGA5_ITGB1","NAMPT - (ITGA5+ITGB1)","VISFATIN","Secreted Signaling","PMID: 28490838"
"C1","C3","NAMPT","ITGA5_ITGB1",0.0259638511996296,0,"NAMPT_ITGA5_ITGB1","NAMPT - (ITGA5+ITGB1)","VISFATIN","Secreted Signaling","PMID: 28490838"
"C2","C3","NAMPT","ITGA5_ITGB1",0.0388092446834296,0,"NAMPT_ITGA5_ITGB1","NAMPT - (ITGA5+ITGB1)","VISFATIN","Secreted Signaling","PMID: 28490838"
"C3","C3","NAMPT","ITGA5_ITGB1",0.027638104148913,0,"NAMPT_ITGA5_ITGB1","NAMPT - (ITGA5+ITGB1)","VISFATIN","Secreted Signaling","PMID: 28490838"
