"source","target","ligand","receptor","prob","pval","interaction_name","interaction_name_2","pathway_name","annotation","evidence"
"C0","C2","THBS1","ITGA3_ITGB1",0.00533812790586952,0,"THBS1_ITGA3_ITGB1","THBS1 - (ITGA3+ITGB1)","THBS","ECM-Receptor","KEGG: hsa04512"
"C1","C2","THBS1","ITGA3_ITGB1",0.0232467799663432,0,"THBS1_ITGA3_ITGB1","THBS1 - (ITGA3+ITGB1)","THBS","ECM-Receptor","KEGG: hsa04512"
"C2","C2","THBS1","ITGA3_ITGB1",0.00485701980571809,0,"THBS1_ITGA3_ITGB1","THBS1 - (ITGA3+ITGB1)","THBS","ECM-Receptor","KEGG: hsa04512"
"C3","C2","THBS1","ITGA3_ITGB1",0.0103548473838458,0,"THBS1_ITGA3_ITGB1","THBS1 - (ITGA3+ITGB1)","THBS","ECM-Receptor","KEGG: hsa04512"
"C0","C2","THBS2","ITGA3_ITGB1",0.00613106037764714,0,"THBS2_ITGA3_ITGB1","THBS2 - (ITGA3+ITGB1)","THBS","ECM-Receptor","KEGG: hsa04512"
"C1","C2","THBS2","ITGA3_ITGB1",0.0239448999875465,0,"THBS2_ITGA3_ITGB1","THBS2 - (ITGA3+ITGB1)","THBS","ECM-Receptor","KEGG: hsa04512"
"C2","C2","THBS2","ITGA3_ITGB1",0.0382825225039584,0,"THBS2_ITGA3_ITGB1","THBS2 - (ITGA3+ITGB1)","THBS","ECM-Receptor","KEGG: hsa04512"
"C3","C2","THBS2","ITGA3_ITGB1",0.0396939856742476,0,"THBS2_ITGA3_ITGB1","THBS2 - (ITGA3+ITGB1)","THBS","ECM-Receptor","KEGG: hsa04512"
"C2","C2","THBS3","ITGA3_ITGB1",0.00370228388284274,0,"THBS3_ITGA3_ITGB1","THBS3 - (ITGA3+ITGB1)","THBS","ECM-Receptor","KEGG: hsa04512"
"C1","C2","COMP","ITGA3_ITGB1",0.00781501550408922,0,"COMP_ITGA3_ITGB1","COMP - (ITGA3+ITGB1)","THBS","ECM-Receptor","KEGG: hsa04512"
"C2","C2","COMP","ITGA3_ITGB1",0.0128483084634197,0,"COMP_ITGA3_ITGB1","COMP - (ITGA3+ITGB1)","THBS","ECM-Receptor","KEGG: hsa04512"
"C1","C1","THBS1","ITGAV_ITGB3",0.0211909251147229,0,"THBS1_ITGAV_ITGB3","THBS1 - (ITGAV+ITGB3)","THBS","ECM-Receptor","KEGG: hsa04512"
"C1","C2","THBS1","ITGAV_ITGB3",0.0545618064484777,0,"THBS1_ITGAV_ITGB3","THBS1 - (ITGAV+ITGB3)","THBS","ECM-Receptor","KEGG: hsa04512"
"C3","C2","THBS1","ITGAV_ITGB3",0.0247434759639415,0,"THBS1_ITGAV_ITGB3","THBS1 - (ITGAV+ITGB3)","THBS","ECM-Receptor","KEGG: hsa04512"
"C1","C3","THBS1","ITGAV_ITGB3",0.0320792184377277,0,"THBS1_ITGAV_ITGB3","THBS1 - (ITGAV+ITGB3)","THBS","ECM-Receptor","KEGG: hsa04512"
"C2","C1","THBS2","ITGAV_ITGB3",0.0349445367633479,0,"THBS2_ITGAV_ITGB3","THBS2 - (ITGAV+ITGB3)","THBS","ECM-Receptor","KEGG: hsa04512"
"C3","C1","THBS2","ITGAV_ITGB3",0.036237566868743,0,"THBS2_ITGAV_ITGB3","THBS2 - (ITGAV+ITGB3)","THBS","ECM-Receptor","KEGG: hsa04512"
"C1","C2","THBS2","ITGAV_ITGB3",0.0561462850680101,0,"THBS2_ITGAV_ITGB3","THBS2 - (ITGAV+ITGB3)","THBS","ECM-Receptor","KEGG: hsa04512"
"C2","C2","THBS2","ITGAV_ITGB3",0.088026401442688,0,"THBS2_ITGAV_ITGB3","THBS2 - (ITGAV+ITGB3)","THBS","ECM-Receptor","KEGG: hsa04512"
"C3","C2","THBS2","ITGAV_ITGB3",0.0910981755718605,0,"THBS2_ITGAV_ITGB3","THBS2 - (ITGAV+ITGB3)","THBS","ECM-Receptor","KEGG: hsa04512"
"C1","C3","THBS2","ITGAV_ITGB3",0.0330336133368834,0,"THBS2_ITGAV_ITGB3","THBS2 - (ITGAV+ITGB3)","THBS","ECM-Receptor","KEGG: hsa04512"
"C2","C3","THBS2","ITGAV_ITGB3",0.0525205021918529,0,"THBS2_ITGAV_ITGB3","THBS2 - (ITGAV+ITGB3)","THBS","ECM-Receptor","KEGG: hsa04512"
"C3","C3","THBS2","ITGAV_ITGB3",0.0544272058224474,0,"THBS2_ITGAV_ITGB3","THBS2 - (ITGAV+ITGB3)","THBS","ECM-Receptor","KEGG: hsa04512"
"C2","C1","THBS3","ITGAV_ITGB3",0.00336890675112806,0,"THBS3_ITGAV_ITGB3","THBS3 - (ITGAV+ITGB3)","THBS","ECM-Receptor","KEGG: hsa04512"
"C2","C2","THBS3","ITGAV_ITGB3",0.00893022614950621,0,"THBS3_ITGAV_ITGB3","THBS3 - (ITGAV+ITGB3)","THBS","ECM-Receptor","KEGG: hsa04512"
"C2","C3","THBS3","ITGAV_ITGB3",0.00514807702863248,0,"THBS3_ITGAV_ITGB3","THBS3 - (ITGAV+ITGB3)","THBS","ECM-Receptor","KEGG: hsa04512"
"C1","C1","COMP","ITGAV_ITGB3",0.00711394626573206,0,"COMP_ITGAV_ITGB3","COMP - (ITGAV+ITGB3)","THBS","ECM-Receptor","KEGG: hsa04512"
"C2","C1","COMP","ITGAV_ITGB3",0.0117010376348357,0,"COMP_ITGAV_ITGB3","COMP - (ITGAV+ITGB3)","THBS","ECM-Receptor","KEGG: hsa04512"
"C1","C2","COMP","ITGAV_ITGB3",0.0187412426569021,0,"COMP_ITGAV_ITGB3","COMP - (ITGAV+ITGB3)","THBS","ECM-Receptor","KEGG: hsa04512"
"C2","C2","COMP","ITGAV_ITGB3",0.0305946245940628,0,"COMP_ITGAV_ITGB3","COMP - (ITGAV+ITGB3)","THBS","ECM-Receptor","KEGG: hsa04512"
"C1","C3","COMP","ITGAV_ITGB3",0.0108493975855868,0,"COMP_ITGAV_ITGB3","COMP - (ITGAV+ITGB3)","THBS","ECM-Receptor","KEGG: hsa04512"
"C2","C3","COMP","ITGAV_ITGB3",0.0178019323785511,0,"COMP_ITGAV_ITGB3","COMP - (ITGAV+ITGB3)","THBS","ECM-Receptor","KEGG: hsa04512"
"C1","C1","THBS1","SDC4",0.0243207944897277,0,"THBS1_SDC4","THBS1 - SDC4","THBS","ECM-Receptor","KEGG: hsa04512"
"C0","C2","THBS1","SDC4",0.0166379830475825,0.01,"THBS1_SDC4","THBS1 - SDC4","THBS","ECM-Receptor","KEGG: hsa04512"
"C1","C2","THBS1","SDC4",0.0697959051050513,0,"THBS1_SDC4","THBS1 - SDC4","THBS","ECM-Receptor","KEGG: hsa04512"
"C3","C2","THBS1","SDC4",0.0319332590018508,0,"THBS1_SDC4","THBS1 - SDC4","THBS","ECM-Receptor","KEGG: hsa04512"
"C1","C3","THBS1","SDC4",0.0333192045453599,0,"THBS1_SDC4","THBS1 - SDC4","THBS","ECM-Receptor","KEGG: hsa04512"
"C2","C1","THBS2","SDC4",0.040022733046373,0,"THBS2_SDC4","THBS2 - SDC4","THBS","ECM-Receptor","KEGG: hsa04512"
"C3","C1","THBS2","SDC4",0.041495588791738,0,"THBS2_SDC4","THBS2 - SDC4","THBS","ECM-Receptor","KEGG: hsa04512"
"C1","C2","THBS2","SDC4",0.0717891906545568,0,"THBS2_SDC4","THBS2 - SDC4","THBS","ECM-Receptor","KEGG: hsa04512"
"C2","C2","THBS2","SDC4",0.111502131893359,0,"THBS2_SDC4","THBS2 - SDC4","THBS","ECM-Receptor","KEGG: hsa04512"
"C3","C2","THBS2","SDC4",0.115289553753205,0,"THBS2_SDC4","THBS2 - SDC4","THBS","ECM-Receptor","KEGG: hsa04512"
"C1","C3","THBS2","SDC4",0.0343091828553087,0,"THBS2_SDC4","THBS2 - SDC4","THBS","ECM-Receptor","KEGG: hsa04512"
"C2","C3","THBS2","SDC4",0.0545061285908181,0,"THBS2_SDC4","THBS2 - SDC4","THBS","ECM-Receptor","KEGG: hsa04512"
"C3","C3","THBS2","SDC4",0.056480621216646,0,"THBS2_SDC4","THBS2 - SDC4","THBS","ECM-Receptor","KEGG: hsa04512"
"C2","C1","THBS3","SDC4",0.00387691555849764,0,"THBS3_SDC4","THBS3 - SDC4","THBS","ECM-Receptor","KEGG: hsa04512"
"C2","C2","THBS3","SDC4",0.0115796650276248,0,"THBS3_SDC4","THBS3 - SDC4","THBS","ECM-Receptor","KEGG: hsa04512"
"C2","C3","THBS3","SDC4",0.00535282708922579,0,"THBS3_SDC4","THBS3 - SDC4","THBS","ECM-Receptor","KEGG: hsa04512"
"C1","C1","COMP","SDC4",0.00818204596557393,0,"COMP_SDC4","COMP - SDC4","THBS","ECM-Receptor","KEGG: hsa04512"
"C2","C1","COMP","SDC4",0.0134485223045771,0,"COMP_SDC4","COMP - SDC4","THBS","ECM-Receptor","KEGG: hsa04512"
"C1","C2","COMP","SDC4",0.0242302713476734,0,"COMP_SDC4","COMP - SDC4","THBS","ECM-Receptor","KEGG: hsa04512"
"C2","C2","COMP","SDC4",0.0394158782076021,0,"COMP_SDC4","COMP - SDC4","THBS","ECM-Receptor","KEGG: hsa04512"
"C1","C3","COMP","SDC4",0.0112783307504759,0,"COMP_SDC4","COMP - SDC4","THBS","ECM-Receptor","KEGG: hsa04512"
"C2","C3","COMP","SDC4",0.0185005944028548,0,"COMP_SDC4","COMP - SDC4","THBS","ECM-Receptor","KEGG: hsa04512"
"C0","C0","THBS1","CD36",0.0335978635550946,0,"THBS1_CD36","THBS1 - CD36","THBS","ECM-Receptor","KEGG: hsa04512"
"C1","C0","THBS1","CD36",0.133581401407872,0,"THBS1_CD36","THBS1 - CD36","THBS","ECM-Receptor","KEGG: hsa04512"
"C2","C0","THBS1","CD36",0.0306482762291767,0,"THBS1_CD36","THBS1 - CD36","THBS","ECM-Receptor","KEGG: hsa04512"
"C3","C0","THBS1","CD36",0.0634778939424542,0,"THBS1_CD36","THBS1 - CD36","THBS","ECM-Receptor","KEGG: hsa04512"
"C1","C1","THBS1","CD36",0.0273602954169151,0.01,"THBS1_CD36","THBS1 - CD36","THBS","ECM-Receptor","KEGG: hsa04512"
"C1","C0","THBS2","CD36",0.13712778275742,0,"THBS2_CD36","THBS2 - CD36","THBS","ECM-Receptor","KEGG: hsa04512"
"C2","C0","THBS2","CD36",0.205002469672958,0,"THBS2_CD36","THBS2 - CD36","THBS","ECM-Receptor","KEGG: hsa04512"
"C3","C0","THBS2","CD36",0.211210865066998,0,"THBS2_CD36","THBS2 - CD36","THBS","ECM-Receptor","KEGG: hsa04512"
"C3","C1","THBS2","CD36",0.0465790457646169,0.03,"THBS2_CD36","THBS2 - CD36","THBS","ECM-Receptor","KEGG: hsa04512"
"C2","C0","THBS3","CD36",0.0235066186273568,0,"THBS3_CD36","THBS3 - CD36","THBS","ECM-Receptor","KEGG: hsa04512"
"C1","C0","COMP","CD36",0.0485472565028667,0,"COMP_CD36","COMP - CD36","THBS","ECM-Receptor","KEGG: hsa04512"
"C2","C0","COMP","CD36",0.0777583552222262,0,"COMP_CD36","COMP - CD36","THBS","ECM-Receptor","KEGG: hsa04512"
"C1","C1","COMP","CD36",0.00922366777997398,0,"COMP_CD36","COMP - CD36","THBS","ECM-Receptor","KEGG: hsa04512"
"C2","C1","COMP","CD36",0.0151503556468987,0,"COMP_CD36","COMP - CD36","THBS","ECM-Receptor","KEGG: hsa04512"
"C1","C1","THBS1","CD47",0.0257221168983633,0,"THBS1_CD47","THBS1 - CD47","THBS","ECM-Receptor","KEGG: hsa04512"
"C1","C2","THBS1","CD47",0.0253822198196425,0,"THBS1_CD47","THBS1 - CD47","THBS","ECM-Receptor","KEGG: hsa04512"
"C1","C3","THBS1","CD47",0.0256606379130316,0,"THBS1_CD47","THBS1 - CD47","THBS","ECM-Receptor","KEGG: hsa04512"
"C1","C1","THBS2","CD47",0.0264925571014487,0,"THBS2_CD47","THBS2 - CD47","THBS","ECM-Receptor","KEGG: hsa04512"
"C2","C1","THBS2","CD47",0.0422895603174058,0,"THBS2_CD47","THBS2 - CD47","THBS","ECM-Receptor","KEGG: hsa04512"
"C3","C1","THBS2","CD47",0.0438420265973713,0,"THBS2_CD47","THBS2 - CD47","THBS","ECM-Receptor","KEGG: hsa04512"
"C1","C2","THBS2","CD47",0.0261427524548567,0.01,"THBS2_CD47","THBS2 - CD47","THBS","ECM-Receptor","KEGG: hsa04512"
"C2","C2","THBS2","CD47",0.041740117030945,0,"THBS2_CD47","THBS2 - CD47","THBS","ECM-Receptor","KEGG: hsa04512"
"C3","C2","THBS2","CD47",0.0432733244099101,0,"THBS2_CD47","THBS2 - CD47","THBS","ECM-Receptor","KEGG: hsa04512"
"C1","C3","THBS2","CD47",0.0264292866233953,0.01,"THBS2_CD47","THBS2 - CD47","THBS","ECM-Receptor","KEGG: hsa04512"
"C2","C3","THBS2","CD47",0.0421901978922744,0,"THBS2_CD47","THBS2 - CD47","THBS","ECM-Receptor","KEGG: hsa04512"
"C3","C3","THBS2","CD47",0.0437391831283007,0,"THBS2_CD47","THBS2 - CD47","THBS","ECM-Receptor","KEGG: hsa04512"
"C2","C1","THBS3","CD47",0.00410525306208994,0,"THBS3_CD47","THBS3 - CD47","THBS","ECM-Receptor","KEGG: hsa04512"
"C2","C2","THBS3","CD47",0.00404981807594544,0,"THBS3_CD47","THBS3 - CD47","THBS","ECM-Receptor","KEGG: hsa04512"
"C2","C3","THBS3","CD47",0.00409522383455019,0,"THBS3_CD47","THBS3 - CD47","THBS","ECM-Receptor","KEGG: hsa04512"
"C1","C1","COMP","CD47",0.00866173661109845,0,"COMP_CD47","COMP - CD47","THBS","ECM-Receptor","KEGG: hsa04512"
"C2","C1","COMP","CD47",0.0142325411650326,0,"COMP_CD47","COMP - CD47","THBS","ECM-Receptor","KEGG: hsa04512"
"C1","C2","COMP","CD47",0.00854530142462941,0,"COMP_CD47","COMP - CD47","THBS","ECM-Receptor","KEGG: hsa04512"
"C2","C2","COMP","CD47",0.0140422813219558,0,"COMP_CD47","COMP - CD47","THBS","ECM-Receptor","KEGG: hsa04512"
"C1","C3","COMP","CD47",0.00864067237051923,0,"COMP_CD47","COMP - CD47","THBS","ECM-Receptor","KEGG: hsa04512"
"C2","C3","COMP","CD47",0.0141981234666141,0,"COMP_CD47","COMP - CD47","THBS","ECM-Receptor","KEGG: hsa04512"
