"source","target","ligand","receptor","prob","pval","interaction_name","interaction_name_2","pathway_name","annotation","evidence"
"C2","C1","GAS6","AXL",0.016286712234543,0,"GAS6_AXL","GAS6 - AXL","GAS","Secreted Signaling","PMID: 27801848"
"C3","C1","GAS6","AXL",0.00774488179829491,0,"GAS6_AXL","GAS6 - AXL","GAS","Secreted Signaling","PMID: 27801848"
"C1","C2","GAS6","AXL",0.0140111706549255,0,"GAS6_AXL","GAS6 - AXL","GAS","Secreted Signaling","PMID: 27801848"
"C2","C2","GAS6","AXL",0.041230550023148,0,"GAS6_AXL","GAS6 - AXL","GAS","Secreted Signaling","PMID: 27801848"
"C3","C2","GAS6","AXL",0.0198707765813717,0,"GAS6_AXL","GAS6 - AXL","GAS","Secreted Signaling","PMID: 27801848"
"C1","C3","GAS6","AXL",0.0062879365578963,0.02,"GAS6_AXL","GAS6 - AXL","GAS","Secreted Signaling","PMID: 27801848"
"C2","C3","GAS6","AXL",0.018789375435107,0,"GAS6_AXL","GAS6 - AXL","GAS","Secreted Signaling","PMID: 27801848"
"C3","C3","GAS6","AXL",0.00894692050333836,0,"GAS6_AXL","GAS6 - AXL","GAS","Secreted Signaling","PMID: 27801848"
"C1","C1","GAS6","MERTK",0.00279566082681963,0,"GAS6_MERTK","GAS6 - MERTK","GAS","Secreted Signaling","PMID: 27801848"
"C2","C1","GAS6","MERTK",0.00841266904070231,0,"GAS6_MERTK","GAS6 - MERTK","GAS","Secreted Signaling","PMID: 27801848"
"C3","C1","GAS6","MERTK",0.00398378419772617,0,"GAS6_MERTK","GAS6 - MERTK","GAS","Secreted Signaling","PMID: 27801848"
