"source","target","ligand","receptor","prob","pval","interaction_name","interaction_name_2","pathway_name","annotation","evidence"
"C1","C0","SPP1","CD44",0.000865585315588666,0,"SPP1_CD44","SPP1 - CD44","SPP1","Secreted Signaling","PMID: 21907263"
"C1","C1","SPP1","CD44",0.0143568382279435,0,"SPP1_CD44","SPP1 - CD44","SPP1","Secreted Signaling","PMID: 21907263"
"C1","C2","SPP1","CD44",0.00459121576340498,0,"SPP1_CD44","SPP1 - CD44","SPP1","Secreted Signaling","PMID: 21907263"
"C1","C3","SPP1","CD44",0.00559867088422787,0,"SPP1_CD44","SPP1 - CD44","SPP1","Secreted Signaling","PMID: 21907263"
"C1","C1","SPP1","ITGAV_ITGB3",0.00353637442847022,0,"SPP1_ITGAV_ITGB3","SPP1 - (ITGAV+ITGB3)","SPP1","Secreted Signaling","PMID: 21907263"
"C1","C2","SPP1","ITGAV_ITGB3",0.00937154635514775,0,"SPP1_ITGAV_ITGB3","SPP1 - (ITGAV+ITGB3)","SPP1","Secreted Signaling","PMID: 21907263"
"C1","C3","SPP1","ITGAV_ITGB3",0.00540350738929976,0,"SPP1_ITGAV_ITGB3","SPP1 - (ITGAV+ITGB3)","SPP1","Secreted Signaling","PMID: 21907263"
"C1","C1","SPP1","ITGAV_ITGB1",0.00367143735679784,0,"SPP1_ITGAV_ITGB1","SPP1 - (ITGAV+ITGB1)","SPP1","Secreted Signaling","PMID: 21907263"
"C1","C2","SPP1","ITGAV_ITGB1",0.00417289848462456,0,"SPP1_ITGAV_ITGB1","SPP1 - (ITGAV+ITGB1)","SPP1","Secreted Signaling","PMID: 21907263"
"C1","C3","SPP1","ITGAV_ITGB1",0.0054002982177709,0,"SPP1_ITGAV_ITGB1","SPP1 - (ITGAV+ITGB1)","SPP1","Secreted Signaling","PMID: 21907263"
"C1","C1","SPP1","ITGAV_ITGB5",0.00699167957870249,0,"SPP1_ITGAV_ITGB5","SPP1 - (ITGAV+ITGB5)","SPP1","Secreted Signaling","PMID: 21907263"
"C1","C2","SPP1","ITGAV_ITGB5",0.007007828956343,0,"SPP1_ITGAV_ITGB5","SPP1 - (ITGAV+ITGB5)","SPP1","Secreted Signaling","PMID: 21907263"
"C1","C3","SPP1","ITGAV_ITGB5",0.00548956376398701,0,"SPP1_ITGAV_ITGB5","SPP1 - (ITGAV+ITGB5)","SPP1","Secreted Signaling","PMID: 21907263"
"C1","C2","SPP1","ITGA8_ITGB1",0.00726115124000744,0,"SPP1_ITGA8_ITGB1","SPP1 - (ITGA8+ITGB1)","SPP1","Secreted Signaling","PMID: 21907263"
"C1","C3","SPP1","ITGA8_ITGB1",0.00961523448373394,0,"SPP1_ITGA8_ITGB1","SPP1 - (ITGA8+ITGB1)","SPP1","Secreted Signaling","PMID: 21907263"
"C1","C1","SPP1","ITGA5_ITGB1",0.00367729087538664,0,"SPP1_ITGA5_ITGB1","SPP1 - (ITGA5+ITGB1)","SPP1","Secreted Signaling","PMID: 21907263"
"C1","C2","SPP1","ITGA5_ITGB1",0.00700275636346772,0,"SPP1_ITGA5_ITGB1","SPP1 - (ITGA5+ITGB1)","SPP1","Secreted Signaling","PMID: 21907263"
"C1","C3","SPP1","ITGA5_ITGB1",0.00607717579432862,0,"SPP1_ITGA5_ITGB1","SPP1 - (ITGA5+ITGB1)","SPP1","Secreted Signaling","PMID: 21907263"
