"source","target","ligand","receptor","prob","pval","interaction_name","interaction_name_2","pathway_name","annotation","evidence"
"C0","C2","LAMA2","ITGA1_ITGB1",0.0130189071579378,0.03,"LAMA2_ITGA1_ITGB1","LAMA2 - (ITGA1+ITGB1)","LAMININ","ECM-Receptor","KEGG: hsa04512"
"C1","C2","LAMA2","ITGA1_ITGB1",0.0413920377733263,0,"LAMA2_ITGA1_ITGB1","LAMA2 - (ITGA1+ITGB1)","LAMININ","ECM-Receptor","KEGG: hsa04512"
"C2","C2","LAMA2","ITGA1_ITGB1",0.0258924113011526,0,"LAMA2_ITGA1_ITGB1","LAMA2 - (ITGA1+ITGB1)","LAMININ","ECM-Receptor","KEGG: hsa04512"
"C0","C3","LAMA2","ITGA1_ITGB1",0.0142805314194361,0.01,"LAMA2_ITGA1_ITGB1","LAMA2 - (ITGA1+ITGB1)","LAMININ","ECM-Receptor","KEGG: hsa04512"
"C1","C3","LAMA2","ITGA1_ITGB1",0.0452770851750578,0,"LAMA2_ITGA1_ITGB1","LAMA2 - (ITGA1+ITGB1)","LAMININ","ECM-Receptor","KEGG: hsa04512"
"C2","C3","LAMA2","ITGA1_ITGB1",0.0283657152781416,0,"LAMA2_ITGA1_ITGB1","LAMA2 - (ITGA1+ITGB1)","LAMININ","ECM-Receptor","KEGG: hsa04512"
"C0","C2","LAMA4","ITGA1_ITGB1",0.0168515183720579,0,"LAMA4_ITGA1_ITGB1","LAMA4 - (ITGA1+ITGB1)","LAMININ","ECM-Receptor","KEGG: hsa04512"
"C1","C2","LAMA4","ITGA1_ITGB1",0.0113540171786606,0,"LAMA4_ITGA1_ITGB1","LAMA4 - (ITGA1+ITGB1)","LAMININ","ECM-Receptor","KEGG: hsa04512"
"C0","C3","LAMA4","ITGA1_ITGB1",0.0184775965552667,0,"LAMA4_ITGA1_ITGB1","LAMA4 - (ITGA1+ITGB1)","LAMININ","ECM-Receptor","KEGG: hsa04512"
"C1","C3","LAMA4","ITGA1_ITGB1",0.0124563380259167,0,"LAMA4_ITGA1_ITGB1","LAMA4 - (ITGA1+ITGB1)","LAMININ","ECM-Receptor","KEGG: hsa04512"
"C1","C1","LAMA5","ITGA1_ITGB1",0.00158801410492796,0.04,"LAMA5_ITGA1_ITGB1","LAMA5 - (ITGA1+ITGB1)","LAMININ","ECM-Receptor","KEGG: hsa04512"
"C1","C2","LAMA5","ITGA1_ITGB1",0.0058760377719196,0,"LAMA5_ITGA1_ITGB1","LAMA5 - (ITGA1+ITGB1)","LAMININ","ECM-Receptor","KEGG: hsa04512"
"C2","C2","LAMA5","ITGA1_ITGB1",0.0106307605111975,0,"LAMA5_ITGA1_ITGB1","LAMA5 - (ITGA1+ITGB1)","LAMININ","ECM-Receptor","KEGG: hsa04512"
"C1","C3","LAMA5","ITGA1_ITGB1",0.00644999096767089,0,"LAMA5_ITGA1_ITGB1","LAMA5 - (ITGA1+ITGB1)","LAMININ","ECM-Receptor","KEGG: hsa04512"
"C2","C3","LAMA5","ITGA1_ITGB1",0.0116636913715129,0,"LAMA5_ITGA1_ITGB1","LAMA5 - (ITGA1+ITGB1)","LAMININ","ECM-Receptor","KEGG: hsa04512"
"C1","C1","LAMB1","ITGA1_ITGB1",0.010086244869789,0,"LAMB1_ITGA1_ITGB1","LAMB1 - (ITGA1+ITGB1)","LAMININ","ECM-Receptor","KEGG: hsa04512"
"C0","C2","LAMB1","ITGA1_ITGB1",0.0137893390561179,0,"LAMB1_ITGA1_ITGB1","LAMB1 - (ITGA1+ITGB1)","LAMININ","ECM-Receptor","KEGG: hsa04512"
"C1","C2","LAMB1","ITGA1_ITGB1",0.0364830367701545,0,"LAMB1_ITGA1_ITGB1","LAMB1 - (ITGA1+ITGB1)","LAMININ","ECM-Receptor","KEGG: hsa04512"
"C2","C2","LAMB1","ITGA1_ITGB1",0.00911846647889531,0,"LAMB1_ITGA1_ITGB1","LAMB1 - (ITGA1+ITGB1)","LAMININ","ECM-Receptor","KEGG: hsa04512"
"C3","C2","LAMB1","ITGA1_ITGB1",0.0119760972079717,0,"LAMB1_ITGA1_ITGB1","LAMB1 - (ITGA1+ITGB1)","LAMININ","ECM-Receptor","KEGG: hsa04512"
"C0","C3","LAMB1","ITGA1_ITGB1",0.0151244795291717,0,"LAMB1_ITGA1_ITGB1","LAMB1 - (ITGA1+ITGB1)","LAMININ","ECM-Receptor","KEGG: hsa04512"
"C1","C3","LAMB1","ITGA1_ITGB1",0.0399265172342779,0,"LAMB1_ITGA1_ITGB1","LAMB1 - (ITGA1+ITGB1)","LAMININ","ECM-Receptor","KEGG: hsa04512"
"C2","C3","LAMB1","ITGA1_ITGB1",0.010005942365107,0,"LAMB1_ITGA1_ITGB1","LAMB1 - (ITGA1+ITGB1)","LAMININ","ECM-Receptor","KEGG: hsa04512"
"C3","C3","LAMB1","ITGA1_ITGB1",0.0131380109867688,0,"LAMB1_ITGA1_ITGB1","LAMB1 - (ITGA1+ITGB1)","LAMININ","ECM-Receptor","KEGG: hsa04512"
"C0","C2","LAMC1","ITGA1_ITGB1",0.0143644896318544,0,"LAMC1_ITGA1_ITGB1","LAMC1 - (ITGA1+ITGB1)","LAMININ","ECM-Receptor","KEGG: hsa04512"
"C1","C2","LAMC1","ITGA1_ITGB1",0.0357165839594895,0,"LAMC1_ITGA1_ITGB1","LAMC1 - (ITGA1+ITGB1)","LAMININ","ECM-Receptor","KEGG: hsa04512"
"C2","C2","LAMC1","ITGA1_ITGB1",0.0306384116380201,0,"LAMC1_ITGA1_ITGB1","LAMC1 - (ITGA1+ITGB1)","LAMININ","ECM-Receptor","KEGG: hsa04512"
"C0","C3","LAMC1","ITGA1_ITGB1",0.015754428940469,0,"LAMC1_ITGA1_ITGB1","LAMC1 - (ITGA1+ITGB1)","LAMININ","ECM-Receptor","KEGG: hsa04512"
"C1","C3","LAMC1","ITGA1_ITGB1",0.0390906571485626,0,"LAMC1_ITGA1_ITGB1","LAMC1 - (ITGA1+ITGB1)","LAMININ","ECM-Receptor","KEGG: hsa04512"
"C2","C3","LAMC1","ITGA1_ITGB1",0.0335494508257977,0,"LAMC1_ITGA1_ITGB1","LAMC1 - (ITGA1+ITGB1)","LAMININ","ECM-Receptor","KEGG: hsa04512"
"C0","C2","LAMA2","ITGA3_ITGB1",0.0054004418460328,0,"LAMA2_ITGA3_ITGB1","LAMA2 - (ITGA3+ITGB1)","LAMININ","ECM-Receptor","KEGG: hsa04512"
"C1","C2","LAMA2","ITGA3_ITGB1",0.0174638364281674,0,"LAMA2_ITGA3_ITGB1","LAMA2 - (ITGA3+ITGB1)","LAMININ","ECM-Receptor","KEGG: hsa04512"
"C2","C2","LAMA2","ITGA3_ITGB1",0.0108231788913246,0,"LAMA2_ITGA3_ITGB1","LAMA2 - (ITGA3+ITGB1)","LAMININ","ECM-Receptor","KEGG: hsa04512"
"C3","C2","LAMA2","ITGA3_ITGB1",0.00542946393823163,0,"LAMA2_ITGA3_ITGB1","LAMA2 - (ITGA3+ITGB1)","LAMININ","ECM-Receptor","KEGG: hsa04512"
"C0","C2","LAMA4","ITGA3_ITGB1",0.00700618825359078,0,"LAMA4_ITGA3_ITGB1","LAMA4 - (ITGA3+ITGB1)","LAMININ","ECM-Receptor","KEGG: hsa04512"
"C1","C2","LAMA4","ITGA3_ITGB1",0.00470517544416509,0,"LAMA4_ITGA3_ITGB1","LAMA4 - (ITGA3+ITGB1)","LAMININ","ECM-Receptor","KEGG: hsa04512"
"C1","C2","LAMA5","ITGA3_ITGB1",0.00242719112109104,0,"LAMA5_ITGA3_ITGB1","LAMA5 - (ITGA3+ITGB1)","LAMININ","ECM-Receptor","KEGG: hsa04512"
"C2","C2","LAMA5","ITGA3_ITGB1",0.00440356689383944,0,"LAMA5_ITGA3_ITGB1","LAMA5 - (ITGA3+ITGB1)","LAMININ","ECM-Receptor","KEGG: hsa04512"
"C0","C2","LAMB1","ITGA3_ITGB1",0.00572264283994314,0,"LAMB1_ITGA3_ITGB1","LAMB1 - (ITGA3+ITGB1)","LAMININ","ECM-Receptor","KEGG: hsa04512"
"C1","C2","LAMB1","ITGA3_ITGB1",0.0153472319569849,0,"LAMB1_ITGA3_ITGB1","LAMB1 - (ITGA3+ITGB1)","LAMININ","ECM-Receptor","KEGG: hsa04512"
"C2","C2","LAMB1","ITGA3_ITGB1",0.00377375226035308,0,"LAMB1_ITGA3_ITGB1","LAMB1 - (ITGA3+ITGB1)","LAMININ","ECM-Receptor","KEGG: hsa04512"
"C3","C2","LAMB1","ITGA3_ITGB1",0.00496479866169442,0,"LAMB1_ITGA3_ITGB1","LAMB1 - (ITGA3+ITGB1)","LAMININ","ECM-Receptor","KEGG: hsa04512"
"C0","C2","LAMC1","ITGA3_ITGB1",0.00596336761958255,0,"LAMC1_ITGA3_ITGB1","LAMC1 - (ITGA3+ITGB1)","LAMININ","ECM-Receptor","KEGG: hsa04512"
"C1","C2","LAMC1","ITGA3_ITGB1",0.0150178891804408,0,"LAMC1_ITGA3_ITGB1","LAMC1 - (ITGA3+ITGB1)","LAMININ","ECM-Receptor","KEGG: hsa04512"
"C2","C2","LAMC1","ITGA3_ITGB1",0.0128434531388622,0,"LAMC1_ITGA3_ITGB1","LAMC1 - (ITGA3+ITGB1)","LAMININ","ECM-Receptor","KEGG: hsa04512"
"C3","C2","LAMC1","ITGA3_ITGB1",0.0042608302445085,0,"LAMC1_ITGA3_ITGB1","LAMC1 - (ITGA3+ITGB1)","LAMININ","ECM-Receptor","KEGG: hsa04512"
"C0","C1","LAMA2","ITGA6_ITGB1",0.00438762527960685,0,"LAMA2_ITGA6_ITGB1","LAMA2 - (ITGA6+ITGB1)","LAMININ","ECM-Receptor","KEGG: hsa04512"
"C1","C1","LAMA2","ITGA6_ITGB1",0.0142209596140758,0,"LAMA2_ITGA6_ITGB1","LAMA2 - (ITGA6+ITGB1)","LAMININ","ECM-Receptor","KEGG: hsa04512"
"C2","C1","LAMA2","ITGA6_ITGB1",0.00880236503749592,0,"LAMA2_ITGA6_ITGB1","LAMA2 - (ITGA6+ITGB1)","LAMININ","ECM-Receptor","KEGG: hsa04512"
"C3","C1","LAMA2","ITGA6_ITGB1",0.00441122861373714,0,"LAMA2_ITGA6_ITGB1","LAMA2 - (ITGA6+ITGB1)","LAMININ","ECM-Receptor","KEGG: hsa04512"
"C0","C1","LAMA4","ITGA6_ITGB1",0.00569394876803971,0,"LAMA4_ITGA6_ITGB1","LAMA4 - (ITGA6+ITGB1)","LAMININ","ECM-Receptor","KEGG: hsa04512"
"C1","C1","LAMA4","ITGA6_ITGB1",0.00382225031874078,0,"LAMA4_ITGA6_ITGB1","LAMA4 - (ITGA6+ITGB1)","LAMININ","ECM-Receptor","KEGG: hsa04512"
"C1","C1","LAMA5","ITGA6_ITGB1",0.00197088278443165,0,"LAMA5_ITGA6_ITGB1","LAMA5 - (ITGA6+ITGB1)","LAMININ","ECM-Receptor","KEGG: hsa04512"
"C2","C1","LAMA5","ITGA6_ITGB1",0.00357703514006938,0,"LAMA5_ITGA6_ITGB1","LAMA5 - (ITGA6+ITGB1)","LAMININ","ECM-Receptor","KEGG: hsa04512"
"C0","C1","LAMB1","ITGA6_ITGB1",0.00464968213314243,0,"LAMB1_ITGA6_ITGB1","LAMB1 - (ITGA6+ITGB1)","LAMININ","ECM-Receptor","KEGG: hsa04512"
"C1","C1","LAMB1","ITGA6_ITGB1",0.0124923922811895,0,"LAMB1_ITGA6_ITGB1","LAMB1 - (ITGA6+ITGB1)","LAMININ","ECM-Receptor","KEGG: hsa04512"
"C2","C1","LAMB1","ITGA6_ITGB1",0.00306507023849136,0,"LAMB1_ITGA6_ITGB1","LAMB1 - (ITGA6+ITGB1)","LAMININ","ECM-Receptor","KEGG: hsa04512"
"C3","C1","LAMB1","ITGA6_ITGB1",0.00403335272402393,0,"LAMB1_ITGA6_ITGB1","LAMB1 - (ITGA6+ITGB1)","LAMININ","ECM-Receptor","KEGG: hsa04512"
"C0","C1","LAMC1","ITGA6_ITGB1",0.00484549243883527,0,"LAMC1_ITGA6_ITGB1","LAMC1 - (ITGA6+ITGB1)","LAMININ","ECM-Receptor","KEGG: hsa04512"
"C1","C1","LAMC1","ITGA6_ITGB1",0.0122235521970682,0,"LAMC1_ITGA6_ITGB1","LAMC1 - (ITGA6+ITGB1)","LAMININ","ECM-Receptor","KEGG: hsa04512"
"C2","C1","LAMC1","ITGA6_ITGB1",0.0104494152361916,0,"LAMC1_ITGA6_ITGB1","LAMC1 - (ITGA6+ITGB1)","LAMININ","ECM-Receptor","KEGG: hsa04512"
"C3","C1","LAMC1","ITGA6_ITGB1",0.00346099645039835,0,"LAMC1_ITGA6_ITGB1","LAMC1 - (ITGA6+ITGB1)","LAMININ","ECM-Receptor","KEGG: hsa04512"
"C1","C1","LAMA2","ITGA7_ITGB1",0.015602198716519,0.03,"LAMA2_ITGA7_ITGB1","LAMA2 - (ITGA7+ITGB1)","LAMININ","ECM-Receptor","KEGG: hsa04512"
"C1","C2","LAMA2","ITGA7_ITGB1",0.0332382077242336,0,"LAMA2_ITGA7_ITGB1","LAMA2 - (ITGA7+ITGB1)","LAMININ","ECM-Receptor","KEGG: hsa04512"
"C2","C2","LAMA2","ITGA7_ITGB1",0.0207258431786734,0,"LAMA2_ITGA7_ITGB1","LAMA2 - (ITGA7+ITGB1)","LAMININ","ECM-Receptor","KEGG: hsa04512"
"C1","C3","LAMA2","ITGA7_ITGB1",0.023163399651152,0.01,"LAMA2_ITGA7_ITGB1","LAMA2 - (ITGA7+ITGB1)","LAMININ","ECM-Receptor","KEGG: hsa04512"
"C0","C2","LAMA4","ITGA7_ITGB1",0.0134640337644586,0,"LAMA4_ITGA7_ITGB1","LAMA4 - (ITGA7+ITGB1)","LAMININ","ECM-Receptor","KEGG: hsa04512"
"C1","C2","LAMA4","ITGA7_ITGB1",0.00906145227731505,0,"LAMA4_ITGA7_ITGB1","LAMA4 - (ITGA7+ITGB1)","LAMININ","ECM-Receptor","KEGG: hsa04512"
"C0","C3","LAMA4","ITGA7_ITGB1",0.00932514655178435,0,"LAMA4_ITGA7_ITGB1","LAMA4 - (ITGA7+ITGB1)","LAMININ","ECM-Receptor","KEGG: hsa04512"
"C1","C1","LAMA5","ITGA7_ITGB1",0.00216492172274327,0.02,"LAMA5_ITGA7_ITGB1","LAMA5 - (ITGA7+ITGB1)","LAMININ","ECM-Receptor","KEGG: hsa04512"
"C2","C1","LAMA5","ITGA7_ITGB1",0.00392858182870274,0.03,"LAMA5_ITGA7_ITGB1","LAMA5 - (ITGA7+ITGB1)","LAMININ","ECM-Receptor","KEGG: hsa04512"
"C1","C2","LAMA5","ITGA7_ITGB1",0.00468432720324439,0,"LAMA5_ITGA7_ITGB1","LAMA5 - (ITGA7+ITGB1)","LAMININ","ECM-Receptor","KEGG: hsa04512"
"C2","C2","LAMA5","ITGA7_ITGB1",0.0084829800988646,0,"LAMA5_ITGA7_ITGB1","LAMA5 - (ITGA7+ITGB1)","LAMININ","ECM-Receptor","KEGG: hsa04512"
"C1","C3","LAMA5","ITGA7_ITGB1",0.0032354984834128,0,"LAMA5_ITGA7_ITGB1","LAMA5 - (ITGA7+ITGB1)","LAMININ","ECM-Receptor","KEGG: hsa04512"
"C2","C3","LAMA5","ITGA7_ITGB1",0.00586617994236504,0,"LAMA5_ITGA7_ITGB1","LAMA5 - (ITGA7+ITGB1)","LAMININ","ECM-Receptor","KEGG: hsa04512"
"C1","C1","LAMB1","ITGA7_ITGB1",0.0137080754868562,0,"LAMB1_ITGA7_ITGB1","LAMB1 - (ITGA7+ITGB1)","LAMININ","ECM-Receptor","KEGG: hsa04512"
"C0","C2","LAMB1","ITGA7_ITGB1",0.0110105185683329,0,"LAMB1_ITGA7_ITGB1","LAMB1 - (ITGA7+ITGB1)","LAMININ","ECM-Receptor","KEGG: hsa04512"
"C1","C2","LAMB1","ITGA7_ITGB1",0.0292667086120128,0,"LAMB1_ITGA7_ITGB1","LAMB1 - (ITGA7+ITGB1)","LAMININ","ECM-Receptor","KEGG: hsa04512"
"C2","C2","LAMB1","ITGA7_ITGB1",0.00727397530069565,0.04,"LAMB1_ITGA7_ITGB1","LAMB1 - (ITGA7+ITGB1)","LAMININ","ECM-Receptor","KEGG: hsa04512"
"C3","C2","LAMB1","ITGA7_ITGB1",0.00955913849924836,0.01,"LAMB1_ITGA7_ITGB1","LAMB1 - (ITGA7+ITGB1)","LAMININ","ECM-Receptor","KEGG: hsa04512"
"C0","C3","LAMB1","ITGA7_ITGB1",0.00762002420636688,0.04,"LAMB1_ITGA7_ITGB1","LAMB1 - (ITGA7+ITGB1)","LAMININ","ECM-Receptor","KEGG: hsa04512"
"C1","C3","LAMB1","ITGA7_ITGB1",0.0203703337879835,0,"LAMB1_ITGA7_ITGB1","LAMB1 - (ITGA7+ITGB1)","LAMININ","ECM-Receptor","KEGG: hsa04512"
"C0","C2","LAMC1","ITGA7_ITGB1",0.0114711132353569,0,"LAMC1_ITGA7_ITGB1","LAMC1 - (ITGA7+ITGB1)","LAMININ","ECM-Receptor","KEGG: hsa04512"
"C1","C2","LAMC1","ITGA7_ITGB1",0.0286473523192699,0,"LAMC1_ITGA7_ITGB1","LAMC1 - (ITGA7+ITGB1)","LAMININ","ECM-Receptor","KEGG: hsa04512"
"C2","C2","LAMC1","ITGA7_ITGB1",0.02454869323185,0,"LAMC1_ITGA7_ITGB1","LAMC1 - (ITGA7+ITGB1)","LAMININ","ECM-Receptor","KEGG: hsa04512"
"C0","C3","LAMC1","ITGA7_ITGB1",0.00793992556862622,0.03,"LAMC1_ITGA7_ITGB1","LAMC1 - (ITGA7+ITGB1)","LAMININ","ECM-Receptor","KEGG: hsa04512"
"C1","C3","LAMC1","ITGA7_ITGB1",0.019935380518936,0,"LAMC1_ITGA7_ITGB1","LAMC1 - (ITGA7+ITGB1)","LAMININ","ECM-Receptor","KEGG: hsa04512"
"C2","C3","LAMC1","ITGA7_ITGB1",0.017061275139282,0.01,"LAMC1_ITGA7_ITGB1","LAMC1 - (ITGA7+ITGB1)","LAMININ","ECM-Receptor","KEGG: hsa04512"
"C0","C1","LAMA2","ITGAV_ITGB8",0.00841648696237535,0,"LAMA2_ITGAV_ITGB8","LAMA2 - (ITGAV+ITGB8)","LAMININ","ECM-Receptor","KEGG: hsa04512"
"C1","C1","LAMA2","ITGAV_ITGB8",0.0270339389277656,0,"LAMA2_ITGAV_ITGB8","LAMA2 - (ITGAV+ITGB8)","LAMININ","ECM-Receptor","KEGG: hsa04512"
"C2","C1","LAMA2","ITGAV_ITGB8",0.0168165152831558,0,"LAMA2_ITGAV_ITGB8","LAMA2 - (ITGAV+ITGB8)","LAMININ","ECM-Receptor","KEGG: hsa04512"
"C3","C1","LAMA2","ITGAV_ITGB8",0.00846157945434052,0.04,"LAMA2_ITGAV_ITGB8","LAMA2 - (ITGAV+ITGB8)","LAMININ","ECM-Receptor","KEGG: hsa04512"
"C0","C1","LAMA4","ITGAV_ITGB8",0.0109091762711513,0,"LAMA4_ITGAV_ITGB8","LAMA4 - (ITGAV+ITGB8)","LAMININ","ECM-Receptor","KEGG: hsa04512"
"C1","C1","LAMA4","ITGAV_ITGB8",0.00733579126654084,0,"LAMA4_ITGAV_ITGB8","LAMA4 - (ITGAV+ITGB8)","LAMININ","ECM-Receptor","KEGG: hsa04512"
"C1","C1","LAMA5","ITGAV_ITGB8",0.00378905758435442,0,"LAMA5_ITGAV_ITGB8","LAMA5 - (ITGAV+ITGB8)","LAMININ","ECM-Receptor","KEGG: hsa04512"
"C2","C1","LAMA5","ITGAV_ITGB8",0.00686671982108664,0,"LAMA5_ITGAV_ITGB8","LAMA5 - (ITGAV+ITGB8)","LAMININ","ECM-Receptor","KEGG: hsa04512"
"C0","C1","LAMB1","ITGAV_ITGB8",0.00891701787745779,0,"LAMB1_ITGAV_ITGB8","LAMB1 - (ITGAV+ITGB8)","LAMININ","ECM-Receptor","KEGG: hsa04512"
"C1","C1","LAMB1","ITGAV_ITGB8",0.0237855238328899,0,"LAMB1_ITGAV_ITGB8","LAMB1 - (ITGAV+ITGB8)","LAMININ","ECM-Receptor","KEGG: hsa04512"
"C2","C1","LAMB1","ITGAV_ITGB8",0.00588669882261463,0.01,"LAMB1_ITGAV_ITGB8","LAMB1 - (ITGAV+ITGB8)","LAMININ","ECM-Receptor","KEGG: hsa04512"
"C3","C1","LAMB1","ITGAV_ITGB8",0.00773943847799662,0,"LAMB1_ITGAV_ITGB8","LAMB1 - (ITGAV+ITGB8)","LAMININ","ECM-Receptor","KEGG: hsa04512"
"C0","C1","LAMC1","ITGAV_ITGB8",0.0092908594320909,0,"LAMC1_ITGAV_ITGB8","LAMC1 - (ITGAV+ITGB8)","LAMININ","ECM-Receptor","KEGG: hsa04512"
"C1","C1","LAMC1","ITGAV_ITGB8",0.0232793813178831,0,"LAMC1_ITGAV_ITGB8","LAMC1 - (ITGAV+ITGB8)","LAMININ","ECM-Receptor","KEGG: hsa04512"
"C2","C1","LAMC1","ITGAV_ITGB8",0.0199329730476762,0,"LAMC1_ITGAV_ITGB8","LAMC1 - (ITGAV+ITGB8)","LAMININ","ECM-Receptor","KEGG: hsa04512"
"C3","C1","LAMC1","ITGAV_ITGB8",0.00664467570999209,0.02,"LAMC1_ITGAV_ITGB8","LAMC1 - (ITGAV+ITGB8)","LAMININ","ECM-Receptor","KEGG: hsa04512"
"C0","C1","LAMA2","ITGA6_ITGB4",0.00551728584437108,0,"LAMA2_ITGA6_ITGB4","LAMA2 - (ITGA6+ITGB4)","LAMININ","ECM-Receptor","KEGG: hsa04512"
"C1","C1","LAMA2","ITGA6_ITGB4",0.0178370033157069,0,"LAMA2_ITGA6_ITGB4","LAMA2 - (ITGA6+ITGB4)","LAMININ","ECM-Receptor","KEGG: hsa04512"
"C2","C1","LAMA2","ITGA6_ITGB4",0.0110560450580712,0,"LAMA2_ITGA6_ITGB4","LAMA2 - (ITGA6+ITGB4)","LAMININ","ECM-Receptor","KEGG: hsa04512"
"C3","C1","LAMA2","ITGA6_ITGB4",0.0055469323568099,0,"LAMA2_ITGA6_ITGB4","LAMA2 - (ITGA6+ITGB4)","LAMININ","ECM-Receptor","KEGG: hsa04512"
"C0","C1","LAMA4","ITGA6_ITGB4",0.00715752417618731,0,"LAMA4_ITGA6_ITGB4","LAMA4 - (ITGA6+ITGB4)","LAMININ","ECM-Receptor","KEGG: hsa04512"
"C1","C1","LAMA4","ITGA6_ITGB4",0.00480704935773104,0,"LAMA4_ITGA6_ITGB4","LAMA4 - (ITGA6+ITGB4)","LAMININ","ECM-Receptor","KEGG: hsa04512"
"C1","C1","LAMA5","ITGA6_ITGB4",0.00247986623971049,0,"LAMA5_ITGA6_ITGB4","LAMA5 - (ITGA6+ITGB4)","LAMININ","ECM-Receptor","KEGG: hsa04512"
"C2","C1","LAMA5","ITGA6_ITGB4",0.00449894006038137,0,"LAMA5_ITGA6_ITGB4","LAMA5 - (ITGA6+ITGB4)","LAMININ","ECM-Receptor","KEGG: hsa04512"
"C0","C1","LAMB1","ITGA6_ITGB4",0.00584641700378045,0,"LAMB1_ITGA6_ITGB4","LAMB1 - (ITGA6+ITGB4)","LAMININ","ECM-Receptor","KEGG: hsa04512"
"C1","C1","LAMB1","ITGA6_ITGB4",0.0156758928689417,0,"LAMB1_ITGA6_ITGB4","LAMB1 - (ITGA6+ITGB4)","LAMININ","ECM-Receptor","KEGG: hsa04512"
"C2","C1","LAMB1","ITGA6_ITGB4",0.0038555376239053,0,"LAMB1_ITGA6_ITGB4","LAMB1 - (ITGA6+ITGB4)","LAMININ","ECM-Receptor","KEGG: hsa04512"
"C3","C1","LAMB1","ITGA6_ITGB4",0.00507226514961394,0,"LAMB1_ITGA6_ITGB4","LAMB1 - (ITGA6+ITGB4)","LAMININ","ECM-Receptor","KEGG: hsa04512"
"C0","C1","LAMC1","ITGA6_ITGB4",0.00609231647991984,0,"LAMC1_ITGA6_ITGB4","LAMC1 - (ITGA6+ITGB4)","LAMININ","ECM-Receptor","KEGG: hsa04512"
"C1","C1","LAMC1","ITGA6_ITGB4",0.015339607092725,0,"LAMC1_ITGA6_ITGB4","LAMC1 - (ITGA6+ITGB4)","LAMININ","ECM-Receptor","KEGG: hsa04512"
"C2","C1","LAMC1","ITGA6_ITGB4",0.0131192100325009,0,"LAMC1_ITGA6_ITGB4","LAMC1 - (ITGA6+ITGB4)","LAMININ","ECM-Receptor","KEGG: hsa04512"
"C3","C1","LAMC1","ITGA6_ITGB4",0.00435312551436458,0,"LAMC1_ITGA6_ITGB4","LAMC1 - (ITGA6+ITGB4)","LAMININ","ECM-Receptor","KEGG: hsa04512"
"C0","C1","LAMA2","CD44",0.0198692433031983,0,"LAMA2_CD44","LAMA2 - CD44","LAMININ","ECM-Receptor","KEGG: hsa04512"
"C1","C1","LAMA2","CD44",0.0622305272014577,0,"LAMA2_CD44","LAMA2 - CD44","LAMININ","ECM-Receptor","KEGG: hsa04512"
"C2","C1","LAMA2","CD44",0.0392472142633392,0,"LAMA2_CD44","LAMA2 - CD44","LAMININ","ECM-Receptor","KEGG: hsa04512"
"C1","C2","LAMA2","CD44",0.0205808413358493,0.01,"LAMA2_CD44","LAMA2 - CD44","LAMININ","ECM-Receptor","KEGG: hsa04512"
"C1","C3","LAMA2","CD44",0.0250087652090863,0,"LAMA2_CD44","LAMA2 - CD44","LAMININ","ECM-Receptor","KEGG: hsa04512"
"C0","C1","LAMA4","CD44",0.0256660694808552,0,"LAMA4_CD44","LAMA4 - CD44","LAMININ","ECM-Receptor","KEGG: hsa04512"
"C1","C1","LAMA4","CD44",0.0173437095923573,0,"LAMA4_CD44","LAMA4 - CD44","LAMININ","ECM-Receptor","KEGG: hsa04512"
"C0","C2","LAMA4","CD44",0.00827239155651414,0.02,"LAMA4_CD44","LAMA4 - CD44","LAMININ","ECM-Receptor","KEGG: hsa04512"
"C0","C3","LAMA4","CD44",0.0100794314502482,0,"LAMA4_CD44","LAMA4 - CD44","LAMININ","ECM-Receptor","KEGG: hsa04512"
"C1","C1","LAMA5","CD44",0.00900219349175492,0,"LAMA5_CD44","LAMA5 - CD44","LAMININ","ECM-Receptor","KEGG: hsa04512"
"C2","C1","LAMA5","CD44",0.0162451759455133,0,"LAMA5_CD44","LAMA5 - CD44","LAMININ","ECM-Receptor","KEGG: hsa04512"
"C1","C2","LAMA5","CD44",0.00286823902304885,0.04,"LAMA5_CD44","LAMA5 - CD44","LAMININ","ECM-Receptor","KEGG: hsa04512"
"C2","C2","LAMA5","CD44",0.00520187179100993,0,"LAMA5_CD44","LAMA5 - CD44","LAMININ","ECM-Receptor","KEGG: hsa04512"
"C1","C3","LAMA5","CD44",0.00349894857915519,0.03,"LAMA5_CD44","LAMA5 - CD44","LAMININ","ECM-Receptor","KEGG: hsa04512"
"C2","C3","LAMA5","CD44",0.00634246999082781,0,"LAMA5_CD44","LAMA5 - CD44","LAMININ","ECM-Receptor","KEGG: hsa04512"
"C0","C1","LAMB1","CD44",0.0210364234565219,0,"LAMB1_CD44","LAMB1 - CD44","LAMININ","ECM-Receptor","KEGG: hsa04512"
"C1","C1","LAMB1","CD44",0.0549919042179711,0,"LAMB1_CD44","LAMB1 - CD44","LAMININ","ECM-Receptor","KEGG: hsa04512"
"C2","C1","LAMB1","CD44",0.0139454529461487,0,"LAMB1_CD44","LAMB1 - CD44","LAMININ","ECM-Receptor","KEGG: hsa04512"
"C3","C1","LAMB1","CD44",0.0182878909078594,0,"LAMB1_CD44","LAMB1 - CD44","LAMININ","ECM-Receptor","KEGG: hsa04512"
"C1","C2","LAMB1","CD44",0.0180934149019207,0,"LAMB1_CD44","LAMB1 - CD44","LAMININ","ECM-Receptor","KEGG: hsa04512"
"C1","C3","LAMB1","CD44",0.0219981943470048,0,"LAMB1_CD44","LAMB1 - CD44","LAMININ","ECM-Receptor","KEGG: hsa04512"
"C0","C1","LAMC1","CD44",0.0219071339180453,0,"LAMC1_CD44","LAMC1 - CD44","LAMININ","ECM-Receptor","KEGG: hsa04512"
"C1","C1","LAMC1","CD44",0.0538583438209173,0,"LAMC1_CD44","LAMC1 - CD44","LAMININ","ECM-Receptor","KEGG: hsa04512"
"C2","C1","LAMC1","CD44",0.0463246972365003,0,"LAMC1_CD44","LAMC1 - CD44","LAMININ","ECM-Receptor","KEGG: hsa04512"
"C1","C3","LAMC1","CD44",0.0215292464136597,0,"LAMC1_CD44","LAMC1 - CD44","LAMININ","ECM-Receptor","KEGG: hsa04512"
"C1","C1","LAMA2","DAG1",0.0225368367598074,0,"LAMA2_DAG1","LAMA2 - DAG1","LAMININ","ECM-Receptor","KEGG: hsa04512"
"C1","C2","LAMA2","DAG1",0.0184708931719316,0,"LAMA2_DAG1","LAMA2 - DAG1","LAMININ","ECM-Receptor","KEGG: hsa04512"
"C1","C3","LAMA2","DAG1",0.021932836637538,0,"LAMA2_DAG1","LAMA2 - DAG1","LAMININ","ECM-Receptor","KEGG: hsa04512"
"C2","C3","LAMA2","DAG1",0.0136163833616152,0.03,"LAMA2_DAG1","LAMA2 - DAG1","LAMININ","ECM-Receptor","KEGG: hsa04512"
"C0","C1","LAMA4","DAG1",0.00906942880866084,0,"LAMA4_DAG1","LAMA4 - DAG1","LAMININ","ECM-Receptor","KEGG: hsa04512"
"C1","C1","LAMA4","DAG1",0.00609495383144234,0.02,"LAMA4_DAG1","LAMA4 - DAG1","LAMININ","ECM-Receptor","KEGG: hsa04512"
"C0","C2","LAMA4","DAG1",0.00741475284230667,0,"LAMA4_DAG1","LAMA4 - DAG1","LAMININ","ECM-Receptor","KEGG: hsa04512"
"C0","C3","LAMA4","DAG1",0.00882310494108537,0,"LAMA4_DAG1","LAMA4 - DAG1","LAMININ","ECM-Receptor","KEGG: hsa04512"
"C1","C1","LAMA5","DAG1",0.00314624305876227,0.02,"LAMA5_DAG1","LAMA5 - DAG1","LAMININ","ECM-Receptor","KEGG: hsa04512"
"C2","C1","LAMA5","DAG1",0.0057047690988907,0,"LAMA5_DAG1","LAMA5 - DAG1","LAMININ","ECM-Receptor","KEGG: hsa04512"
"C1","C2","LAMA5","DAG1",0.00256942326504879,0.01,"LAMA5_DAG1","LAMA5 - DAG1","LAMININ","ECM-Receptor","KEGG: hsa04512"
"C2","C2","LAMA5","DAG1",0.00466107250190525,0,"LAMA5_DAG1","LAMA5 - DAG1","LAMININ","ECM-Receptor","KEGG: hsa04512"
"C1","C3","LAMA5","DAG1",0.00306029490495399,0.02,"LAMA5_DAG1","LAMA5 - DAG1","LAMININ","ECM-Receptor","KEGG: hsa04512"
"C2","C3","LAMA5","DAG1",0.00554931695699491,0,"LAMA5_DAG1","LAMA5 - DAG1","LAMININ","ECM-Receptor","KEGG: hsa04512"
"C0","C1","LAMB1","DAG1",0.00741071520600757,0,"LAMB1_DAG1","LAMB1 - DAG1","LAMININ","ECM-Receptor","KEGG: hsa04512"
"C1","C1","LAMB1","DAG1",0.0198177897063643,0,"LAMB1_DAG1","LAMB1 - DAG1","LAMININ","ECM-Receptor","KEGG: hsa04512"
"C1","C2","LAMB1","DAG1",0.0162342508277554,0,"LAMB1_DAG1","LAMB1 - DAG1","LAMININ","ECM-Receptor","KEGG: hsa04512"
"C0","C3","LAMB1","DAG1",0.00720911392181006,0.01,"LAMB1_DAG1","LAMB1 - DAG1","LAMININ","ECM-Receptor","KEGG: hsa04512"
"C1","C3","LAMB1","DAG1",0.0192852238455255,0,"LAMB1_DAG1","LAMB1 - DAG1","LAMININ","ECM-Receptor","KEGG: hsa04512"
"C0","C1","LAMC1","DAG1",0.00772189780074584,0,"LAMC1_DAG1","LAMC1 - DAG1","LAMININ","ECM-Receptor","KEGG: hsa04512"
"C1","C1","LAMC1","DAG1",0.0193944009439246,0,"LAMC1_DAG1","LAMC1 - DAG1","LAMININ","ECM-Receptor","KEGG: hsa04512"
"C2","C1","LAMC1","DAG1",0.016596968387044,0,"LAMC1_DAG1","LAMC1 - DAG1","LAMININ","ECM-Receptor","KEGG: hsa04512"
"C1","C2","LAMC1","DAG1",0.0158861802413925,0,"LAMC1_DAG1","LAMC1 - DAG1","LAMININ","ECM-Receptor","KEGG: hsa04512"
"C0","C3","LAMC1","DAG1",0.0075118951634752,0.02,"LAMC1_DAG1","LAMC1 - DAG1","LAMININ","ECM-Receptor","KEGG: hsa04512"
"C1","C3","LAMC1","DAG1",0.01887299378624,0,"LAMC1_DAG1","LAMC1 - DAG1","LAMININ","ECM-Receptor","KEGG: hsa04512"
"C2","C3","LAMC1","DAG1",0.0161495299872144,0.02,"LAMC1_DAG1","LAMC1 - DAG1","LAMININ","ECM-Receptor","KEGG: hsa04512"
