"source","target","ligand","receptor","prob","pval","interaction_name","interaction_name_2","pathway_name","annotation","evidence"
"C1","C2","COL1A1","ITGA1_ITGB1",0.0514473491762715,0,"COL1A1_ITGA1_ITGB1","COL1A1 - (ITGA1+ITGB1)","COLLAGEN","ECM-Receptor","KEGG: hsa04512"
"C2","C2","COL1A1","ITGA1_ITGB1",0.0559994898203074,0,"COL1A1_ITGA1_ITGB1","COL1A1 - (ITGA1+ITGB1)","COLLAGEN","ECM-Receptor","KEGG: hsa04512"
"C3","C2","COL1A1","ITGA1_ITGB1",0.0694953301487119,0,"COL1A1_ITGA1_ITGB1","COL1A1 - (ITGA1+ITGB1)","COLLAGEN","ECM-Receptor","KEGG: hsa04512"
"C1","C3","COL1A1","ITGA1_ITGB1",0.0562208341140542,0,"COL1A1_ITGA1_ITGB1","COL1A1 - (ITGA1+ITGB1)","COLLAGEN","ECM-Receptor","KEGG: hsa04512"
"C2","C3","COL1A1","ITGA1_ITGB1",0.0611681035214255,0,"COL1A1_ITGA1_ITGB1","COL1A1 - (ITGA1+ITGB1)","COLLAGEN","ECM-Receptor","KEGG: hsa04512"
"C3","C3","COL1A1","ITGA1_ITGB1",0.0758095437553139,0,"COL1A1_ITGA1_ITGB1","COL1A1 - (ITGA1+ITGB1)","COLLAGEN","ECM-Receptor","KEGG: hsa04512"
"C0","C2","COL1A2","ITGA1_ITGB1",0.0469515086652943,0,"COL1A2_ITGA1_ITGB1","COL1A2 - (ITGA1+ITGB1)","COLLAGEN","ECM-Receptor","KEGG: hsa04512"
"C1","C2","COL1A2","ITGA1_ITGB1",0.0705218966784147,0,"COL1A2_ITGA1_ITGB1","COL1A2 - (ITGA1+ITGB1)","COLLAGEN","ECM-Receptor","KEGG: hsa04512"
"C2","C2","COL1A2","ITGA1_ITGB1",0.0571877226999074,0,"COL1A2_ITGA1_ITGB1","COL1A2 - (ITGA1+ITGB1)","COLLAGEN","ECM-Receptor","KEGG: hsa04512"
"C3","C2","COL1A2","ITGA1_ITGB1",0.0665041830188446,0,"COL1A2_ITGA1_ITGB1","COL1A2 - (ITGA1+ITGB1)","COLLAGEN","ECM-Receptor","KEGG: hsa04512"
"C0","C3","COL1A2","ITGA1_ITGB1",0.0513304254479335,0,"COL1A2_ITGA1_ITGB1","COL1A2 - (ITGA1+ITGB1)","COLLAGEN","ECM-Receptor","KEGG: hsa04512"
"C1","C3","COL1A2","ITGA1_ITGB1",0.0769216716977582,0,"COL1A2_ITGA1_ITGB1","COL1A2 - (ITGA1+ITGB1)","COLLAGEN","ECM-Receptor","KEGG: hsa04512"
"C2","C3","COL1A2","ITGA1_ITGB1",0.0624587510853068,0,"COL1A2_ITGA1_ITGB1","COL1A2 - (ITGA1+ITGB1)","COLLAGEN","ECM-Receptor","KEGG: hsa04512"
"C3","C3","COL1A2","ITGA1_ITGB1",0.0725678213667895,0,"COL1A2_ITGA1_ITGB1","COL1A2 - (ITGA1+ITGB1)","COLLAGEN","ECM-Receptor","KEGG: hsa04512"
"C0","C2","COL4A1","ITGA1_ITGB1",0.0837029267504961,0,"COL4A1_ITGA1_ITGB1","COL4A1 - (ITGA1+ITGB1)","COLLAGEN","ECM-Receptor","KEGG: hsa04512"
"C1","C2","COL4A1","ITGA1_ITGB1",0.0873239378976008,0,"COL4A1_ITGA1_ITGB1","COL4A1 - (ITGA1+ITGB1)","COLLAGEN","ECM-Receptor","KEGG: hsa04512"
"C2","C2","COL4A1","ITGA1_ITGB1",0.110094767529741,0,"COL4A1_ITGA1_ITGB1","COL4A1 - (ITGA1+ITGB1)","COLLAGEN","ECM-Receptor","KEGG: hsa04512"
"C3","C2","COL4A1","ITGA1_ITGB1",0.10717245726475,0,"COL4A1_ITGA1_ITGB1","COL4A1 - (ITGA1+ITGB1)","COLLAGEN","ECM-Receptor","KEGG: hsa04512"
"C0","C3","COL4A1","ITGA1_ITGB1",0.0911815208185859,0,"COL4A1_ITGA1_ITGB1","COL4A1 - (ITGA1+ITGB1)","COLLAGEN","ECM-Receptor","KEGG: hsa04512"
"C1","C3","COL4A1","ITGA1_ITGB1",0.0950924827232307,0,"COL4A1_ITGA1_ITGB1","COL4A1 - (ITGA1+ITGB1)","COLLAGEN","ECM-Receptor","KEGG: hsa04512"
"C2","C3","COL4A1","ITGA1_ITGB1",0.119623546758754,0,"COL4A1_ITGA1_ITGB1","COL4A1 - (ITGA1+ITGB1)","COLLAGEN","ECM-Receptor","KEGG: hsa04512"
"C3","C3","COL4A1","ITGA1_ITGB1",0.116481414728276,0,"COL4A1_ITGA1_ITGB1","COL4A1 - (ITGA1+ITGB1)","COLLAGEN","ECM-Receptor","KEGG: hsa04512"
"C0","C2","COL4A2","ITGA1_ITGB1",0.0857107533212298,0,"COL4A2_ITGA1_ITGB1","COL4A2 - (ITGA1+ITGB1)","COLLAGEN","ECM-Receptor","KEGG: hsa04512"
"C1","C2","COL4A2","ITGA1_ITGB1",0.08840635767674,0,"COL4A2_ITGA1_ITGB1","COL4A2 - (ITGA1+ITGB1)","COLLAGEN","ECM-Receptor","KEGG: hsa04512"
"C2","C2","COL4A2","ITGA1_ITGB1",0.114124700227043,0,"COL4A2_ITGA1_ITGB1","COL4A2 - (ITGA1+ITGB1)","COLLAGEN","ECM-Receptor","KEGG: hsa04512"
"C3","C2","COL4A2","ITGA1_ITGB1",0.108755132148574,0,"COL4A2_ITGA1_ITGB1","COL4A2 - (ITGA1+ITGB1)","COLLAGEN","ECM-Receptor","KEGG: hsa04512"
"C0","C3","COL4A2","ITGA1_ITGB1",0.0933504642068363,0,"COL4A2_ITGA1_ITGB1","COL4A2 - (ITGA1+ITGB1)","COLLAGEN","ECM-Receptor","KEGG: hsa04512"
"C1","C3","COL4A2","ITGA1_ITGB1",0.0962610408249617,0,"COL4A2_ITGA1_ITGB1","COL4A2 - (ITGA1+ITGB1)","COLLAGEN","ECM-Receptor","KEGG: hsa04512"
"C2","C3","COL4A2","ITGA1_ITGB1",0.123953689981148,0,"COL4A2_ITGA1_ITGB1","COL4A2 - (ITGA1+ITGB1)","COLLAGEN","ECM-Receptor","KEGG: hsa04512"
"C3","C3","COL4A2","ITGA1_ITGB1",0.118183363190946,0,"COL4A2_ITGA1_ITGB1","COL4A2 - (ITGA1+ITGB1)","COLLAGEN","ECM-Receptor","KEGG: hsa04512"
"C1","C1","COL4A3","ITGA1_ITGB1",0.00278547186494069,0,"COL4A3_ITGA1_ITGB1","COL4A3 - (ITGA1+ITGB1)","COLLAGEN","ECM-Receptor","KEGG: hsa04512"
"C1","C2","COL4A3","ITGA1_ITGB1",0.0102736503056082,0,"COL4A3_ITGA1_ITGB1","COL4A3 - (ITGA1+ITGB1)","COLLAGEN","ECM-Receptor","KEGG: hsa04512"
"C1","C3","COL4A3","ITGA1_ITGB1",0.0112722781198879,0,"COL4A3_ITGA1_ITGB1","COL4A3 - (ITGA1+ITGB1)","COLLAGEN","ECM-Receptor","KEGG: hsa04512"
"C1","C2","COL4A4","ITGA1_ITGB1",0.0127013406625859,0,"COL4A4_ITGA1_ITGB1","COL4A4 - (ITGA1+ITGB1)","COLLAGEN","ECM-Receptor","KEGG: hsa04512"
"C1","C3","COL4A4","ITGA1_ITGB1",0.0139326249071838,0,"COL4A4_ITGA1_ITGB1","COL4A4 - (ITGA1+ITGB1)","COLLAGEN","ECM-Receptor","KEGG: hsa04512"
"C0","C2","COL6A1","ITGA1_ITGB1",0.0738649696957034,0,"COL6A1_ITGA1_ITGB1","COL6A1 - (ITGA1+ITGB1)","COLLAGEN","ECM-Receptor","KEGG: hsa04512"
"C1","C2","COL6A1","ITGA1_ITGB1",0.0806969392111039,0,"COL6A1_ITGA1_ITGB1","COL6A1 - (ITGA1+ITGB1)","COLLAGEN","ECM-Receptor","KEGG: hsa04512"
"C2","C2","COL6A1","ITGA1_ITGB1",0.081415781660675,0,"COL6A1_ITGA1_ITGB1","COL6A1 - (ITGA1+ITGB1)","COLLAGEN","ECM-Receptor","KEGG: hsa04512"
"C3","C2","COL6A1","ITGA1_ITGB1",0.081792499940075,0,"COL6A1_ITGA1_ITGB1","COL6A1 - (ITGA1+ITGB1)","COLLAGEN","ECM-Receptor","KEGG: hsa04512"
"C0","C3","COL6A1","ITGA1_ITGB1",0.0805418357721551,0,"COL6A1_ITGA1_ITGB1","COL6A1 - (ITGA1+ITGB1)","COLLAGEN","ECM-Receptor","KEGG: hsa04512"
"C1","C3","COL6A1","ITGA1_ITGB1",0.0879327316540887,0,"COL6A1_ITGA1_ITGB1","COL6A1 - (ITGA1+ITGB1)","COLLAGEN","ECM-Receptor","KEGG: hsa04512"
"C2","C3","COL6A1","ITGA1_ITGB1",0.0887098102254067,0,"COL6A1_ITGA1_ITGB1","COL6A1 - (ITGA1+ITGB1)","COLLAGEN","ECM-Receptor","KEGG: hsa04512"
"C3","C3","COL6A1","ITGA1_ITGB1",0.0891170043529956,0,"COL6A1_ITGA1_ITGB1","COL6A1 - (ITGA1+ITGB1)","COLLAGEN","ECM-Receptor","KEGG: hsa04512"
"C0","C2","COL6A2","ITGA1_ITGB1",0.0766865689360366,0,"COL6A2_ITGA1_ITGB1","COL6A2 - (ITGA1+ITGB1)","COLLAGEN","ECM-Receptor","KEGG: hsa04512"
"C1","C2","COL6A2","ITGA1_ITGB1",0.0894118898847825,0,"COL6A2_ITGA1_ITGB1","COL6A2 - (ITGA1+ITGB1)","COLLAGEN","ECM-Receptor","KEGG: hsa04512"
"C2","C2","COL6A2","ITGA1_ITGB1",0.0967811779188499,0,"COL6A2_ITGA1_ITGB1","COL6A2 - (ITGA1+ITGB1)","COLLAGEN","ECM-Receptor","KEGG: hsa04512"
"C3","C2","COL6A2","ITGA1_ITGB1",0.0915180460233773,0,"COL6A2_ITGA1_ITGB1","COL6A2 - (ITGA1+ITGB1)","COLLAGEN","ECM-Receptor","KEGG: hsa04512"
"C0","C3","COL6A2","ITGA1_ITGB1",0.0835954657196561,0,"COL6A2_ITGA1_ITGB1","COL6A2 - (ITGA1+ITGB1)","COLLAGEN","ECM-Receptor","KEGG: hsa04512"
"C1","C3","COL6A2","ITGA1_ITGB1",0.0973463718002474,0,"COL6A2_ITGA1_ITGB1","COL6A2 - (ITGA1+ITGB1)","COLLAGEN","ECM-Receptor","KEGG: hsa04512"
"C2","C3","COL6A2","ITGA1_ITGB1",0.105293997370445,0,"COL6A2_ITGA1_ITGB1","COL6A2 - (ITGA1+ITGB1)","COLLAGEN","ECM-Receptor","KEGG: hsa04512"
"C3","C3","COL6A2","ITGA1_ITGB1",0.0996189826955953,0,"COL6A2_ITGA1_ITGB1","COL6A2 - (ITGA1+ITGB1)","COLLAGEN","ECM-Receptor","KEGG: hsa04512"
"C0","C2","COL6A3","ITGA1_ITGB1",0.0499296717423986,0,"COL6A3_ITGA1_ITGB1","COL6A3 - (ITGA1+ITGB1)","COLLAGEN","ECM-Receptor","KEGG: hsa04512"
"C1","C2","COL6A3","ITGA1_ITGB1",0.0719895145291849,0,"COL6A3_ITGA1_ITGB1","COL6A3 - (ITGA1+ITGB1)","COLLAGEN","ECM-Receptor","KEGG: hsa04512"
"C2","C2","COL6A3","ITGA1_ITGB1",0.0316880356117798,0,"COL6A3_ITGA1_ITGB1","COL6A3 - (ITGA1+ITGB1)","COLLAGEN","ECM-Receptor","KEGG: hsa04512"
"C0","C3","COL6A3","ITGA1_ITGB1",0.0545704418472842,0,"COL6A3_ITGA1_ITGB1","COL6A3 - (ITGA1+ITGB1)","COLLAGEN","ECM-Receptor","KEGG: hsa04512"
"C1","C3","COL6A3","ITGA1_ITGB1",0.0785112242171051,0,"COL6A3_ITGA1_ITGB1","COL6A3 - (ITGA1+ITGB1)","COLLAGEN","ECM-Receptor","KEGG: hsa04512"
"C2","C3","COL6A3","ITGA1_ITGB1",0.0346952330050863,0,"COL6A3_ITGA1_ITGB1","COL6A3 - (ITGA1+ITGB1)","COLLAGEN","ECM-Receptor","KEGG: hsa04512"
"C0","C2","COL1A1","ITGA3_ITGB1",0.00651443967868561,0,"COL1A1_ITGA3_ITGB1","COL1A1 - (ITGA3+ITGB1)","COLLAGEN","ECM-Receptor","KEGG: hsa04512"
"C1","C2","COL1A1","ITGA3_ITGB1",0.0218387290042444,0,"COL1A1_ITGA3_ITGB1","COL1A1 - (ITGA3+ITGB1)","COLLAGEN","ECM-Receptor","KEGG: hsa04512"
"C2","C2","COL1A1","ITGA3_ITGB1",0.0238368886832087,0,"COL1A1_ITGA3_ITGB1","COL1A1 - (ITGA3+ITGB1)","COLLAGEN","ECM-Receptor","KEGG: hsa04512"
"C3","C2","COL1A1","ITGA3_ITGB1",0.0298264676442217,0,"COL1A1_ITGA3_ITGB1","COL1A1 - (ITGA3+ITGB1)","COLLAGEN","ECM-Receptor","KEGG: hsa04512"
"C0","C2","COL1A2","ITGA3_ITGB1",0.019876086318344,0,"COL1A2_ITGA3_ITGB1","COL1A2 - (ITGA3+ITGB1)","COLLAGEN","ECM-Receptor","KEGG: hsa04512"
"C1","C2","COL1A2","ITGA3_ITGB1",0.0302861287374647,0,"COL1A2_ITGA3_ITGB1","COL1A2 - (ITGA3+ITGB1)","COLLAGEN","ECM-Receptor","KEGG: hsa04512"
"C2","C2","COL1A2","ITGA3_ITGB1",0.0243602857742408,0,"COL1A2_ITGA3_ITGB1","COL1A2 - (ITGA3+ITGB1)","COLLAGEN","ECM-Receptor","KEGG: hsa04512"
"C3","C2","COL1A2","ITGA3_ITGB1",0.0284904300369155,0,"COL1A2_ITGA3_ITGB1","COL1A2 - (ITGA3+ITGB1)","COLLAGEN","ECM-Receptor","KEGG: hsa04512"
"C0","C2","COL4A1","ITGA3_ITGB1",0.0362400311867858,0,"COL4A1_ITGA3_ITGB1","COL4A1 - (ITGA3+ITGB1)","COLLAGEN","ECM-Receptor","KEGG: hsa04512"
"C1","C2","COL4A1","ITGA3_ITGB1",0.0378926954373072,0,"COL4A1_ITGA3_ITGB1","COL4A1 - (ITGA3+ITGB1)","COLLAGEN","ECM-Receptor","KEGG: hsa04512"
"C2","C2","COL4A1","ITGA3_ITGB1",0.0484580775284631,0,"COL4A1_ITGA3_ITGB1","COL4A1 - (ITGA3+ITGB1)","COLLAGEN","ECM-Receptor","KEGG: hsa04512"
"C3","C2","COL4A1","ITGA3_ITGB1",0.0470852616617967,0,"COL4A1_ITGA3_ITGB1","COL4A1 - (ITGA3+ITGB1)","COLLAGEN","ECM-Receptor","KEGG: hsa04512"
"C0","C2","COL4A2","ITGA3_ITGB1",0.0371555065373574,0,"COL4A2_ITGA3_ITGB1","COL4A2 - (ITGA3+ITGB1)","COLLAGEN","ECM-Receptor","KEGG: hsa04512"
"C1","C2","COL4A2","ITGA3_ITGB1",0.0383881643596147,0,"COL4A2_ITGA3_ITGB1","COL4A2 - (ITGA3+ITGB1)","COLLAGEN","ECM-Receptor","KEGG: hsa04512"
"C2","C2","COL4A2","ITGA3_ITGB1",0.05035952319272,0,"COL4A2_ITGA3_ITGB1","COL4A2 - (ITGA3+ITGB1)","COLLAGEN","ECM-Receptor","KEGG: hsa04512"
"C3","C2","COL4A2","ITGA3_ITGB1",0.0478281299427498,0,"COL4A2_ITGA3_ITGB1","COL4A2 - (ITGA3+ITGB1)","COLLAGEN","ECM-Receptor","KEGG: hsa04512"
"C1","C2","COL4A3","ITGA3_ITGB1",0.0042547419801353,0,"COL4A3_ITGA3_ITGB1","COL4A3 - (ITGA3+ITGB1)","COLLAGEN","ECM-Receptor","KEGG: hsa04512"
"C1","C2","COL4A4","ITGA3_ITGB1",0.00526771856634721,0,"COL4A4_ITGA3_ITGB1","COL4A4 - (ITGA3+ITGB1)","COLLAGEN","ECM-Receptor","KEGG: hsa04512"
"C0","C2","COL6A1","ITGA3_ITGB1",0.031787064865549,0,"COL6A1_ITGA3_ITGB1","COL6A1 - (ITGA3+ITGB1)","COLLAGEN","ECM-Receptor","KEGG: hsa04512"
"C1","C2","COL6A1","ITGA3_ITGB1",0.0348736856396538,0,"COL6A1_ITGA3_ITGB1","COL6A1 - (ITGA3+ITGB1)","COLLAGEN","ECM-Receptor","KEGG: hsa04512"
"C2","C2","COL6A1","ITGA3_ITGB1",0.0351999674257565,0,"COL6A1_ITGA3_ITGB1","COL6A1 - (ITGA3+ITGB1)","COLLAGEN","ECM-Receptor","KEGG: hsa04512"
"C3","C2","COL6A1","ITGA3_ITGB1",0.035371075224034,0,"COL6A1_ITGA3_ITGB1","COL6A1 - (ITGA3+ITGB1)","COLLAGEN","ECM-Receptor","KEGG: hsa04512"
"C0","C2","COL6A2","ITGA3_ITGB1",0.0330586873450435,0,"COL6A2_ITGA3_ITGB1","COL6A2 - (ITGA3+ITGB1)","COLLAGEN","ECM-Receptor","KEGG: hsa04512"
"C1","C2","COL6A2","ITGA3_ITGB1",0.038849035447696,0,"COL6A2_ITGA3_ITGB1","COL6A2 - (ITGA3+ITGB1)","COLLAGEN","ECM-Receptor","KEGG: hsa04512"
"C2","C2","COL6A2","ITGA3_ITGB1",0.0422442894387195,0,"COL6A2_ITGA3_ITGB1","COL6A2 - (ITGA3+ITGB1)","COLLAGEN","ECM-Receptor","KEGG: hsa04512"
"C3","C2","COL6A2","ITGA3_ITGB1",0.0398162294310911,0,"COL6A2_ITGA3_ITGB1","COL6A2 - (ITGA3+ITGB1)","COLLAGEN","ECM-Receptor","KEGG: hsa04512"
"C0","C2","COL6A3","ITGA3_ITGB1",0.0211749964286369,0,"COL6A3_ITGA3_ITGB1","COL6A3 - (ITGA3+ITGB1)","COLLAGEN","ECM-Receptor","KEGG: hsa04512"
"C1","C2","COL6A3","ITGA3_ITGB1",0.0309442844112636,0,"COL6A3_ITGA3_ITGB1","COL6A3 - (ITGA3+ITGB1)","COLLAGEN","ECM-Receptor","KEGG: hsa04512"
"C2","C2","COL6A3","ITGA3_ITGB1",0.013291808880577,0,"COL6A3_ITGA3_ITGB1","COL6A3 - (ITGA3+ITGB1)","COLLAGEN","ECM-Receptor","KEGG: hsa04512"
"C3","C2","COL6A3","ITGA3_ITGB1",0.00617526627273149,0,"COL6A3_ITGA3_ITGB1","COL6A3 - (ITGA3+ITGB1)","COLLAGEN","ECM-Receptor","KEGG: hsa04512"
"C0","C2","COL1A1","ITGA10_ITGB1",0.00647825128919882,0,"COL1A1_ITGA10_ITGB1","COL1A1 - (ITGA10+ITGB1)","COLLAGEN","ECM-Receptor","KEGG: hsa04512"
"C1","C2","COL1A1","ITGA10_ITGB1",0.0217192736372469,0,"COL1A1_ITGA10_ITGB1","COL1A1 - (ITGA10+ITGB1)","COLLAGEN","ECM-Receptor","KEGG: hsa04512"
"C2","C2","COL1A1","ITGA10_ITGB1",0.0237067685026842,0,"COL1A1_ITGA10_ITGB1","COL1A1 - (ITGA10+ITGB1)","COLLAGEN","ECM-Receptor","KEGG: hsa04512"
"C3","C2","COL1A1","ITGA10_ITGB1",0.0296646452998681,0,"COL1A1_ITGA10_ITGB1","COL1A1 - (ITGA10+ITGB1)","COLLAGEN","ECM-Receptor","KEGG: hsa04512"
"C0","C2","COL1A2","ITGA10_ITGB1",0.0197671494371616,0,"COL1A2_ITGA10_ITGB1","COL1A2 - (ITGA10+ITGB1)","COLLAGEN","ECM-Receptor","KEGG: hsa04512"
"C1","C2","COL1A2","ITGA10_ITGB1",0.0301218899492968,0,"COL1A2_ITGA10_ITGB1","COL1A2 - (ITGA10+ITGB1)","COLLAGEN","ECM-Receptor","KEGG: hsa04512"
"C2","C2","COL1A2","ITGA10_ITGB1",0.024227379397935,0,"COL1A2_ITGA10_ITGB1","COL1A2 - (ITGA10+ITGB1)","COLLAGEN","ECM-Receptor","KEGG: hsa04512"
"C3","C2","COL1A2","ITGA10_ITGB1",0.0283356446039705,0,"COL1A2_ITGA10_ITGB1","COL1A2 - (ITGA10+ITGB1)","COLLAGEN","ECM-Receptor","KEGG: hsa04512"
"C0","C2","COL4A1","ITGA10_ITGB1",0.036044705092384,0,"COL4A1_ITGA10_ITGB1","COL4A1 - (ITGA10+ITGB1)","COLLAGEN","ECM-Receptor","KEGG: hsa04512"
"C1","C2","COL4A1","ITGA10_ITGB1",0.0376888101697597,0,"COL4A1_ITGA10_ITGB1","COL4A1 - (ITGA10+ITGB1)","COLLAGEN","ECM-Receptor","KEGG: hsa04512"
"C2","C2","COL4A1","ITGA10_ITGB1",0.0482001922187271,0,"COL4A1_ITGA10_ITGB1","COL4A1 - (ITGA10+ITGB1)","COLLAGEN","ECM-Receptor","KEGG: hsa04512"
"C3","C2","COL4A1","ITGA10_ITGB1",0.046834322643885,0,"COL4A1_ITGA10_ITGB1","COL4A1 - (ITGA10+ITGB1)","COLLAGEN","ECM-Receptor","KEGG: hsa04512"
"C0","C2","COL4A2","ITGA10_ITGB1",0.0369554354275692,0,"COL4A2_ITGA10_ITGB1","COL4A2 - (ITGA10+ITGB1)","COLLAGEN","ECM-Receptor","KEGG: hsa04512"
"C1","C2","COL4A2","ITGA10_ITGB1",0.0381817189725104,0,"COL4A2_ITGA10_ITGB1","COL4A2 - (ITGA10+ITGB1)","COLLAGEN","ECM-Receptor","KEGG: hsa04512"
"C2","C2","COL4A2","ITGA10_ITGB1",0.0500920514288965,0,"COL4A2_ITGA10_ITGB1","COL4A2 - (ITGA10+ITGB1)","COLLAGEN","ECM-Receptor","KEGG: hsa04512"
"C3","C2","COL4A2","ITGA10_ITGB1",0.0475734294919829,0,"COL4A2_ITGA10_ITGB1","COL4A2 - (ITGA10+ITGB1)","COLLAGEN","ECM-Receptor","KEGG: hsa04512"
"C1","C2","COL4A3","ITGA10_ITGB1",0.00423105298616395,0,"COL4A3_ITGA10_ITGB1","COL4A3 - (ITGA10+ITGB1)","COLLAGEN","ECM-Receptor","KEGG: hsa04512"
"C1","C2","COL4A4","ITGA10_ITGB1",0.00523841932478633,0,"COL4A4_ITGA10_ITGB1","COL4A4 - (ITGA10+ITGB1)","COLLAGEN","ECM-Receptor","KEGG: hsa04512"
"C0","C2","COL6A1","ITGA10_ITGB1",0.0316149520085502,0,"COL6A1_ITGA10_ITGB1","COL6A1 - (ITGA10+ITGB1)","COLLAGEN","ECM-Receptor","KEGG: hsa04512"
"C1","C2","COL6A1","ITGA10_ITGB1",0.0346854588188065,0,"COL6A1_ITGA10_ITGB1","COL6A1 - (ITGA10+ITGB1)","COLLAGEN","ECM-Receptor","KEGG: hsa04512"
"C2","C2","COL6A1","ITGA10_ITGB1",0.035010043418386,0,"COL6A1_ITGA10_ITGB1","COL6A1 - (ITGA10+ITGB1)","COLLAGEN","ECM-Receptor","KEGG: hsa04512"
"C3","C2","COL6A1","ITGA10_ITGB1",0.0351802616562482,0,"COL6A1_ITGA10_ITGB1","COL6A1 - (ITGA10+ITGB1)","COLLAGEN","ECM-Receptor","KEGG: hsa04512"
"C0","C2","COL6A2","ITGA10_ITGB1",0.0328799230359937,0,"COL6A2_ITGA10_ITGB1","COL6A2 - (ITGA10+ITGB1)","COLLAGEN","ECM-Receptor","KEGG: hsa04512"
"C1","C2","COL6A2","ITGA10_ITGB1",0.0386402111624263,0,"COL6A2_ITGA10_ITGB1","COL6A2 - (ITGA10+ITGB1)","COLLAGEN","ECM-Receptor","KEGG: hsa04512"
"C2","C2","COL6A2","ITGA10_ITGB1",0.0420180125684534,0,"COL6A2_ITGA10_ITGB1","COL6A2 - (ITGA10+ITGB1)","COLLAGEN","ECM-Receptor","KEGG: hsa04512"
"C3","C2","COL6A2","ITGA10_ITGB1",0.0396024204236137,0,"COL6A2_ITGA10_ITGB1","COL6A2 - (ITGA10+ITGB1)","COLLAGEN","ECM-Receptor","KEGG: hsa04512"
"C0","C2","COL6A3","ITGA10_ITGB1",0.0210590934405375,0,"COL6A3_ITGA10_ITGB1","COL6A3 - (ITGA10+ITGB1)","COLLAGEN","ECM-Receptor","KEGG: hsa04512"
"C1","C2","COL6A3","ITGA10_ITGB1",0.0307765897835266,0,"COL6A3_ITGA10_ITGB1","COL6A3 - (ITGA10+ITGB1)","COLLAGEN","ECM-Receptor","KEGG: hsa04512"
"C2","C2","COL6A3","ITGA10_ITGB1",0.0132184724261633,0,"COL6A3_ITGA10_ITGB1","COL6A3 - (ITGA10+ITGB1)","COLLAGEN","ECM-Receptor","KEGG: hsa04512"
"C3","C2","COL6A3","ITGA10_ITGB1",0.00614095038046542,0,"COL6A3_ITGA10_ITGB1","COL6A3 - (ITGA10+ITGB1)","COLLAGEN","ECM-Receptor","KEGG: hsa04512"
"C1","C1","COL1A1","ITGAV_ITGB8",0.0337239650255004,0,"COL1A1_ITGAV_ITGB8","COL1A1 - (ITGAV+ITGB8)","COLLAGEN","ECM-Receptor","KEGG: hsa04512"
"C2","C1","COL1A1","ITGAV_ITGB8",0.0367687011232921,0,"COL1A1_ITGAV_ITGB8","COL1A1 - (ITGAV+ITGB8)","COLLAGEN","ECM-Receptor","KEGG: hsa04512"
"C3","C1","COL1A1","ITGAV_ITGB8",0.045855061203555,0,"COL1A1_ITGAV_ITGB8","COL1A1 - (ITGAV+ITGB8)","COLLAGEN","ECM-Receptor","KEGG: hsa04512"
"C0","C1","COL1A2","ITGAV_ITGB8",0.0307267510258226,0,"COL1A2_ITGAV_ITGB8","COL1A2 - (ITGAV+ITGB8)","COLLAGEN","ECM-Receptor","KEGG: hsa04512"
"C1","C1","COL1A2","ITGAV_ITGB8",0.0465498896105815,0,"COL1A2_ITGAV_ITGB8","COL1A2 - (ITGAV+ITGB8)","COLLAGEN","ECM-Receptor","KEGG: hsa04512"
"C2","C1","COL1A2","ITGAV_ITGB8",0.0375651206655968,0,"COL1A2_ITGAV_ITGB8","COL1A2 - (ITGAV+ITGB8)","COLLAGEN","ECM-Receptor","KEGG: hsa04512"
"C3","C1","COL1A2","ITGAV_ITGB8",0.0438334828147428,0,"COL1A2_ITGAV_ITGB8","COL1A2 - (ITGAV+ITGB8)","COLLAGEN","ECM-Receptor","KEGG: hsa04512"
"C0","C1","COL4A1","ITGAV_ITGB8",0.0555180094697552,0,"COL4A1_ITGAV_ITGB8","COL4A1 - (ITGAV+ITGB8)","COLLAGEN","ECM-Receptor","KEGG: hsa04512"
"C1","C1","COL4A1","ITGAV_ITGB8",0.0579969081313274,0,"COL4A1_ITGAV_ITGB8","COL4A1 - (ITGAV+ITGB8)","COLLAGEN","ECM-Receptor","KEGG: hsa04512"
"C2","C1","COL4A1","ITGAV_ITGB8",0.0737382001862909,0,"COL4A1_ITGAV_ITGB8","COL4A1 - (ITGAV+ITGB8)","COLLAGEN","ECM-Receptor","KEGG: hsa04512"
"C3","C1","COL4A1","ITGAV_ITGB8",0.0717031671337353,0,"COL4A1_ITGAV_ITGB8","COL4A1 - (ITGAV+ITGB8)","COLLAGEN","ECM-Receptor","KEGG: hsa04512"
"C0","C1","COL4A2","ITGAV_ITGB8",0.0568917268178059,0,"COL4A2_ITGAV_ITGB8","COL4A2 - (ITGAV+ITGB8)","COLLAGEN","ECM-Receptor","KEGG: hsa04512"
"C1","C1","COL4A2","ITGAV_ITGB8",0.0587392021015067,0,"COL4A2_ITGAV_ITGB8","COL4A2 - (ITGAV+ITGB8)","COLLAGEN","ECM-Receptor","KEGG: hsa04512"
"C2","C1","COL4A2","ITGAV_ITGB8",0.0765518081853517,0,"COL4A2_ITGAV_ITGB8","COL4A2 - (ITGAV+ITGB8)","COLLAGEN","ECM-Receptor","KEGG: hsa04512"
"C3","C1","COL4A2","ITGAV_ITGB8",0.0728047597401994,0,"COL4A2_ITGAV_ITGB8","COL4A2 - (ITGAV+ITGB8)","COLLAGEN","ECM-Receptor","KEGG: hsa04512"
"C1","C1","COL4A3","ITGAV_ITGB8",0.00663520388687334,0,"COL4A3_ITGAV_ITGB8","COL4A3 - (ITGAV+ITGB8)","COLLAGEN","ECM-Receptor","KEGG: hsa04512"
"C1","C1","COL4A4","ITGAV_ITGB8",0.00821025210593211,0,"COL4A4_ITGAV_ITGB8","COL4A4 - (ITGAV+ITGB8)","COLLAGEN","ECM-Receptor","KEGG: hsa04512"
"C0","C1","COL6A1","ITGAV_ITGB8",0.0488162587114805,0,"COL6A1_ITGAV_ITGB8","COL6A1 - (ITGAV+ITGB8)","COLLAGEN","ECM-Receptor","KEGG: hsa04512"
"C1","C1","COL6A1","ITGAV_ITGB8",0.0534651542585011,0,"COL6A1_ITGAV_ITGB8","COL6A1 - (ITGAV+ITGB8)","COLLAGEN","ECM-Receptor","KEGG: hsa04512"
"C2","C1","COL6A1","ITGAV_ITGB8",0.0539556553648032,0,"COL6A1_ITGAV_ITGB8","COL6A1 - (ITGAV+ITGB8)","COLLAGEN","ECM-Receptor","KEGG: hsa04512"
"C3","C1","COL6A1","ITGAV_ITGB8",0.054212811955766,0,"COL6A1_ITGAV_ITGB8","COL6A1 - (ITGAV+ITGB8)","COLLAGEN","ECM-Receptor","KEGG: hsa04512"
"C0","C1","COL6A2","ITGAV_ITGB8",0.0507334274223957,0,"COL6A2_ITGAV_ITGB8","COL6A2 - (ITGAV+ITGB8)","COLLAGEN","ECM-Receptor","KEGG: hsa04512"
"C1","C1","COL6A2","ITGAV_ITGB8",0.0594292988827807,0,"COL6A2_ITGAV_ITGB8","COL6A2 - (ITGAV+ITGB8)","COLLAGEN","ECM-Receptor","KEGG: hsa04512"
"C2","C1","COL6A2","ITGAV_ITGB8",0.0645024818319381,0,"COL6A2_ITGAV_ITGB8","COL6A2 - (ITGAV+ITGB8)","COLLAGEN","ECM-Receptor","KEGG: hsa04512"
"C3","C1","COL6A2","ITGAV_ITGB8",0.0608764115345083,0,"COL6A2_ITGAV_ITGB8","COL6A2 - (ITGAV+ITGB8)","COLLAGEN","ECM-Receptor","KEGG: hsa04512"
"C0","C1","COL6A3","ITGAV_ITGB8",0.0327110907115417,0,"COL6A3_ITGAV_ITGB8","COL6A3 - (ITGAV+ITGB8)","COLLAGEN","ECM-Receptor","KEGG: hsa04512"
"C1","C1","COL6A3","ITGAV_ITGB8",0.0475441488321048,0,"COL6A3_ITGAV_ITGB8","COL6A3 - (ITGAV+ITGB8)","COLLAGEN","ECM-Receptor","KEGG: hsa04512"
"C2","C1","COL6A3","ITGAV_ITGB8",0.0206236482912977,0.03,"COL6A3_ITGAV_ITGB8","COL6A3 - (ITGAV+ITGB8)","COLLAGEN","ECM-Receptor","KEGG: hsa04512"
"C1","C1","COL1A1","CD44",0.0769417863663036,0,"COL1A1_CD44","COL1A1 - CD44","COLLAGEN","ECM-Receptor","KEGG: hsa04512"
"C2","C1","COL1A1","CD44",0.0835510183841949,0,"COL1A1_CD44","COL1A1 - CD44","COLLAGEN","ECM-Receptor","KEGG: hsa04512"
"C3","C1","COL1A1","CD44",0.102962542243562,0,"COL1A1_CD44","COL1A1 - CD44","COLLAGEN","ECM-Receptor","KEGG: hsa04512"
"C3","C2","COL1A1","CD44",0.0350712359984749,0.01,"COL1A1_CD44","COL1A1 - CD44","COLLAGEN","ECM-Receptor","KEGG: hsa04512"
"C1","C3","COL1A1","CD44",0.0312137041340528,0.01,"COL1A1_CD44","COL1A1 - CD44","COLLAGEN","ECM-Receptor","KEGG: hsa04512"
"C2","C3","COL1A1","CD44",0.034039787623405,0,"COL1A1_CD44","COL1A1 - CD44","COLLAGEN","ECM-Receptor","KEGG: hsa04512"
"C3","C3","COL1A1","CD44",0.0424815148071213,0,"COL1A1_CD44","COL1A1 - CD44","COLLAGEN","ECM-Receptor","KEGG: hsa04512"
"C0","C1","COL1A2","CD44",0.0703833690856254,0,"COL1A2_CD44","COL1A2 - CD44","COLLAGEN","ECM-Receptor","KEGG: hsa04512"
"C1","C1","COL1A2","CD44",0.104427995873254,0,"COL1A2_CD44","COL1A2 - CD44","COLLAGEN","ECM-Receptor","KEGG: hsa04512"
"C2","C1","COL1A2","CD44",0.0852710500320567,0,"COL1A2_CD44","COL1A2 - CD44","COLLAGEN","ECM-Receptor","KEGG: hsa04512"
"C3","C1","COL1A2","CD44",0.0986837001509014,0,"COL1A2_CD44","COL1A2 - CD44","COLLAGEN","ECM-Receptor","KEGG: hsa04512"
"C1","C3","COL1A2","CD44",0.0431275354067608,0.01,"COL1A2_CD44","COL1A2 - CD44","COLLAGEN","ECM-Receptor","KEGG: hsa04512"
"C0","C1","COL4A1","CD44",0.123106953503573,0,"COL4A1_CD44","COL4A1 - CD44","COLLAGEN","ECM-Receptor","KEGG: hsa04512"
"C1","C1","COL4A1","CD44",0.128194108170998,0,"COL4A1_CD44","COL4A1 - CD44","COLLAGEN","ECM-Receptor","KEGG: hsa04512"
"C2","C1","COL4A1","CD44",0.159756857322349,0,"COL4A1_CD44","COL4A1 - CD44","COLLAGEN","ECM-Receptor","KEGG: hsa04512"
"C3","C1","COL4A1","CD44",0.155747043910252,0,"COL4A1_CD44","COL4A1 - CD44","COLLAGEN","ECM-Receptor","KEGG: hsa04512"
"C2","C3","COL4A1","CD44",0.0684604836750089,0,"COL4A1_CD44","COL4A1 - CD44","COLLAGEN","ECM-Receptor","KEGG: hsa04512"
"C3","C3","COL4A1","CD44",0.0665606388122033,0,"COL4A1_CD44","COL4A1 - CD44","COLLAGEN","ECM-Receptor","KEGG: hsa04512"
"C0","C1","COL4A2","CD44",0.125930082347632,0,"COL4A2_CD44","COL4A2 - CD44","COLLAGEN","ECM-Receptor","KEGG: hsa04512"
"C1","C1","COL4A2","CD44",0.129711132735707,0,"COL4A2_CD44","COL4A2 - CD44","COLLAGEN","ECM-Receptor","KEGG: hsa04512"
"C2","C1","COL4A2","CD44",0.165267034901032,0,"COL4A2_CD44","COL4A2 - CD44","COLLAGEN","ECM-Receptor","KEGG: hsa04512"
"C3","C1","COL4A2","CD44",0.157920168161559,0,"COL4A2_CD44","COL4A2 - CD44","COLLAGEN","ECM-Receptor","KEGG: hsa04512"
"C2","C3","COL4A2","CD44",0.0710881667279971,0,"COL4A2_CD44","COL4A2 - CD44","COLLAGEN","ECM-Receptor","KEGG: hsa04512"
"C3","C3","COL4A2","CD44",0.0675889779383111,0.01,"COL4A2_CD44","COL4A2 - CD44","COLLAGEN","ECM-Receptor","KEGG: hsa04512"
"C1","C0","COL4A3","CD44",0.000947929965226418,0,"COL4A3_CD44","COL4A3 - CD44","COLLAGEN","ECM-Receptor","KEGG: hsa04512"
"C1","C1","COL4A3","CD44",0.0157024587098487,0,"COL4A3_CD44","COL4A3 - CD44","COLLAGEN","ECM-Receptor","KEGG: hsa04512"
"C1","C2","COL4A3","CD44",0.00502620321451515,0,"COL4A3_CD44","COL4A3 - CD44","COLLAGEN","ECM-Receptor","KEGG: hsa04512"
"C1","C3","COL4A3","CD44",0.00612852040815014,0,"COL4A3_CD44","COL4A3 - CD44","COLLAGEN","ECM-Receptor","KEGG: hsa04512"
"C1","C1","COL4A4","CD44",0.0193878609207917,0,"COL4A4_CD44","COL4A4 - CD44","COLLAGEN","ECM-Receptor","KEGG: hsa04512"
"C1","C2","COL4A4","CD44",0.00622170304376657,0.02,"COL4A4_CD44","COL4A4 - CD44","COLLAGEN","ECM-Receptor","KEGG: hsa04512"
"C1","C3","COL4A4","CD44",0.00758421164754718,0,"COL4A4_CD44","COL4A4 - CD44","COLLAGEN","ECM-Receptor","KEGG: hsa04512"
"C0","C1","COL6A1","CD44",0.109189561862238,0,"COL6A1_CD44","COL6A1 - CD44","COLLAGEN","ECM-Receptor","KEGG: hsa04512"
"C1","C1","COL6A1","CD44",0.118869444127165,0,"COL6A1_CD44","COL6A1 - CD44","COLLAGEN","ECM-Receptor","KEGG: hsa04512"
"C2","C1","COL6A1","CD44",0.119883980987784,0,"COL6A1_CD44","COL6A1 - CD44","COLLAGEN","ECM-Receptor","KEGG: hsa04512"
"C3","C1","COL6A1","CD44",0.120415362026129,0,"COL6A1_CD44","COL6A1 - CD44","COLLAGEN","ECM-Receptor","KEGG: hsa04512"
"C0","C1","COL6A2","CD44",0.113195614102287,0,"COL6A2_CD44","COL6A2 - CD44","COLLAGEN","ECM-Receptor","KEGG: hsa04512"
"C1","C1","COL6A2","CD44",0.131118891109993,0,"COL6A2_CD44","COL6A2 - CD44","COLLAGEN","ECM-Receptor","KEGG: hsa04512"
"C2","C1","COL6A2","CD44",0.141391896791775,0,"COL6A2_CD44","COL6A2 - CD44","COLLAGEN","ECM-Receptor","KEGG: hsa04512"
"C3","C1","COL6A2","CD44",0.134062842454877,0,"COL6A2_CD44","COL6A2 - CD44","COLLAGEN","ECM-Receptor","KEGG: hsa04512"
"C2","C3","COL6A2","CD44",0.0598430924096594,0.02,"COL6A2_CD44","COL6A2 - CD44","COLLAGEN","ECM-Receptor","KEGG: hsa04512"
"C0","C1","COL6A3","CD44",0.0747312846180668,0,"COL6A3_CD44","COL6A3 - CD44","COLLAGEN","ECM-Receptor","KEGG: hsa04512"
"C1","C1","COL6A3","CD44",0.106520362194144,0,"COL6A3_CD44","COL6A3 - CD44","COLLAGEN","ECM-Receptor","KEGG: hsa04512"
"C2","C1","COL6A3","CD44",0.0478851625501176,0,"COL6A3_CD44","COL6A3 - CD44","COLLAGEN","ECM-Receptor","KEGG: hsa04512"
"C1","C2","COL6A3","CD44",0.0363782424117133,0.01,"COL6A3_CD44","COL6A3 - CD44","COLLAGEN","ECM-Receptor","KEGG: hsa04512"
"C1","C3","COL6A3","CD44",0.0440520738916811,0,"COL6A3_CD44","COL6A3 - CD44","COLLAGEN","ECM-Receptor","KEGG: hsa04512"
"C1","C1","COL1A1","SDC4",0.0228492125491022,0,"COL1A1_SDC4","COL1A1 - SDC4","COLLAGEN","ECM-Receptor","KEGG: hsa04512"
"C2","C1","COL1A1","SDC4",0.0249374705062458,0,"COL1A1_SDC4","COL1A1 - SDC4","COLLAGEN","ECM-Receptor","KEGG: hsa04512"
"C3","C1","COL1A1","SDC4",0.0311947590604421,0,"COL1A1_SDC4","COL1A1 - SDC4","COLLAGEN","ECM-Receptor","KEGG: hsa04512"
"C1","C2","COL1A1","SDC4",0.0657582023679865,0,"COL1A1_SDC4","COL1A1 - SDC4","COLLAGEN","ECM-Receptor","KEGG: hsa04512"
"C2","C2","COL1A1","SDC4",0.0714811673575022,0,"COL1A1_SDC4","COL1A1 - SDC4","COLLAGEN","ECM-Receptor","KEGG: hsa04512"
"C3","C2","COL1A1","SDC4",0.0883588516856242,0,"COL1A1_SDC4","COL1A1 - SDC4","COLLAGEN","ECM-Receptor","KEGG: hsa04512"
"C1","C3","COL1A1","SDC4",0.0313206326345745,0,"COL1A1_SDC4","COL1A1 - SDC4","COLLAGEN","ECM-Receptor","KEGG: hsa04512"
"C2","C3","COL1A1","SDC4",0.0341560560835037,0,"COL1A1_SDC4","COL1A1 - SDC4","COLLAGEN","ECM-Receptor","KEGG: hsa04512"
"C3","C3","COL1A1","SDC4",0.0426253449918269,0,"COL1A1_SDC4","COL1A1 - SDC4","COLLAGEN","ECM-Receptor","KEGG: hsa04512"
"C1","C1","COL1A2","SDC4",0.0316748186796063,0,"COL1A2_SDC4","COL1A2 - SDC4","COLLAGEN","ECM-Receptor","KEGG: hsa04512"
"C3","C1","COL1A2","SDC4",0.0297993132038056,0.02,"COL1A2_SDC4","COL1A2 - SDC4","COLLAGEN","ECM-Receptor","KEGG: hsa04512"
"C0","C2","COL1A2","SDC4",0.0600910011154948,0,"COL1A2_SDC4","COL1A2 - SDC4","COLLAGEN","ECM-Receptor","KEGG: hsa04512"
"C1","C2","COL1A2","SDC4",0.0896372225679768,0,"COL1A2_SDC4","COL1A2 - SDC4","COLLAGEN","ECM-Receptor","KEGG: hsa04512"
"C2","C2","COL1A2","SDC4",0.0729725068428647,0,"COL1A2_SDC4","COL1A2 - SDC4","COLLAGEN","ECM-Receptor","KEGG: hsa04512"
"C3","C2","COL1A2","SDC4",0.0846296430212011,0,"COL1A2_SDC4","COL1A2 - SDC4","COLLAGEN","ECM-Receptor","KEGG: hsa04512"
"C1","C3","COL1A2","SDC4",0.0432734539826545,0,"COL1A2_SDC4","COL1A2 - SDC4","COLLAGEN","ECM-Receptor","KEGG: hsa04512"
"C2","C3","COL1A2","SDC4",0.0348979353409268,0,"COL1A2_SDC4","COL1A2 - SDC4","COLLAGEN","ECM-Receptor","KEGG: hsa04512"
"C3","C3","COL1A2","SDC4",0.0407400731267653,0,"COL1A2_SDC4","COL1A2 - SDC4","COLLAGEN","ECM-Receptor","KEGG: hsa04512"
"C2","C1","COL4A1","SDC4",0.0506364844995966,0,"COL4A1_SDC4","COL4A1 - SDC4","COLLAGEN","ECM-Receptor","KEGG: hsa04512"
"C3","C1","COL4A1","SDC4",0.0492051457301765,0,"COL4A1_SDC4","COL4A1 - SDC4","COLLAGEN","ECM-Receptor","KEGG: hsa04512"
"C0","C2","COL4A1","SDC4",0.105983652560886,0,"COL4A1_SDC4","COL4A1 - SDC4","COLLAGEN","ECM-Receptor","KEGG: hsa04512"
"C1","C2","COL4A1","SDC4",0.110452346995428,0,"COL4A1_SDC4","COL4A1 - SDC4","COLLAGEN","ECM-Receptor","KEGG: hsa04512"
"C2","C2","COL4A1","SDC4",0.138340043333738,0,"COL4A1_SDC4","COL4A1 - SDC4","COLLAGEN","ECM-Receptor","KEGG: hsa04512"
"C3","C2","COL4A1","SDC4",0.134781553388776,0,"COL4A1_SDC4","COL4A1 - SDC4","COLLAGEN","ECM-Receptor","KEGG: hsa04512"
"C0","C3","COL4A1","SDC4",0.0516445394779159,0.01,"COL4A1_SDC4","COL4A1 - SDC4","COLLAGEN","ECM-Receptor","KEGG: hsa04512"
"C1","C3","COL4A1","SDC4",0.0539603674640068,0,"COL4A1_SDC4","COL4A1 - SDC4","COLLAGEN","ECM-Receptor","KEGG: hsa04512"
"C2","C3","COL4A1","SDC4",0.0686859617042218,0,"COL4A1_SDC4","COL4A1 - SDC4","COLLAGEN","ECM-Receptor","KEGG: hsa04512"
"C3","C3","COL4A1","SDC4",0.0667803081765743,0,"COL4A1_SDC4","COL4A1 - SDC4","COLLAGEN","ECM-Receptor","KEGG: hsa04512"
"C2","C1","COL4A2","SDC4",0.0526186818201764,0,"COL4A2_SDC4","COL4A2 - SDC4","COLLAGEN","ECM-Receptor","KEGG: hsa04512"
"C3","C1","COL4A2","SDC4",0.0499797054091185,0,"COL4A2_SDC4","COL4A2 - SDC4","COLLAGEN","ECM-Receptor","KEGG: hsa04512"
"C0","C2","COL4A2","SDC4",0.108462674410485,0,"COL4A2_SDC4","COL4A2 - SDC4","COLLAGEN","ECM-Receptor","KEGG: hsa04512"
"C1","C2","COL4A2","SDC4",0.111786339890306,0,"COL4A2_SDC4","COL4A2 - SDC4","COLLAGEN","ECM-Receptor","KEGG: hsa04512"
"C2","C2","COL4A2","SDC4",0.143237458250007,0,"COL4A2_SDC4","COL4A2 - SDC4","COLLAGEN","ECM-Receptor","KEGG: hsa04512"
"C3","C2","COL4A2","SDC4",0.136709517256669,0,"COL4A2_SDC4","COL4A2 - SDC4","COLLAGEN","ECM-Receptor","KEGG: hsa04512"
"C0","C3","COL4A2","SDC4",0.0529277840816135,0.01,"COL4A2_SDC4","COL4A2 - SDC4","COLLAGEN","ECM-Receptor","KEGG: hsa04512"
"C1","C3","COL4A2","SDC4",0.0546539957754415,0,"COL4A2_SDC4","COL4A2 - SDC4","COLLAGEN","ECM-Receptor","KEGG: hsa04512"
"C2","C3","COL4A2","SDC4",0.0713216365539527,0,"COL4A2_SDC4","COL4A2 - SDC4","COLLAGEN","ECM-Receptor","KEGG: hsa04512"
"C3","C3","COL4A2","SDC4",0.0678117945678863,0,"COL4A2_SDC4","COL4A2 - SDC4","COLLAGEN","ECM-Receptor","KEGG: hsa04512"
"C1","C1","COL4A3","SDC4",0.00445531581876963,0,"COL4A3_SDC4","COL4A3 - SDC4","COLLAGEN","ECM-Receptor","KEGG: hsa04512"
"C1","C2","COL4A3","SDC4",0.0132919106526405,0,"COL4A3_SDC4","COL4A3 - SDC4","COLLAGEN","ECM-Receptor","KEGG: hsa04512"
"C1","C3","COL4A3","SDC4",0.00615006035215801,0,"COL4A3_SDC4","COL4A3 - SDC4","COLLAGEN","ECM-Receptor","KEGG: hsa04512"
"C1","C1","COL4A4","SDC4",0.0055157808630604,0,"COL4A4_SDC4","COL4A4 - SDC4","COLLAGEN","ECM-Receptor","KEGG: hsa04512"
"C1","C2","COL4A4","SDC4",0.0164209904033157,0,"COL4A4_SDC4","COL4A4 - SDC4","COLLAGEN","ECM-Receptor","KEGG: hsa04512"
"C1","C3","COL4A4","SDC4",0.00761082873787754,0,"COL4A4_SDC4","COL4A4 - SDC4","COLLAGEN","ECM-Receptor","KEGG: hsa04512"
"C0","C2","COL6A1","SDC4",0.0937950111944461,0,"COL6A1_SDC4","COL6A1 - SDC4","COLLAGEN","ECM-Receptor","KEGG: hsa04512"
"C1","C2","COL6A1","SDC4",0.102266811503295,0,"COL6A1_SDC4","COL6A1 - SDC4","COLLAGEN","ECM-Receptor","KEGG: hsa04512"
"C2","C2","COL6A1","SDC4",0.10315623619399,0,"COL6A1_SDC4","COL6A1 - SDC4","COLLAGEN","ECM-Receptor","KEGG: hsa04512"
"C3","C2","COL6A1","SDC4",0.103622201777197,0,"COL6A1_SDC4","COL6A1 - SDC4","COLLAGEN","ECM-Receptor","KEGG: hsa04512"
"C0","C3","COL6A1","SDC4",0.0453878973802956,0,"COL6A1_SDC4","COL6A1 - SDC4","COLLAGEN","ECM-Receptor","KEGG: hsa04512"
"C1","C3","COL6A1","SDC4",0.0497273702221123,0,"COL6A1_SDC4","COL6A1 - SDC4","COLLAGEN","ECM-Receptor","KEGG: hsa04512"
"C2","C3","COL6A1","SDC4",0.0501853982007169,0,"COL6A1_SDC4","COL6A1 - SDC4","COLLAGEN","ECM-Receptor","KEGG: hsa04512"
"C3","C3","COL6A1","SDC4",0.0504255432618994,0,"COL6A1_SDC4","COL6A1 - SDC4","COLLAGEN","ECM-Receptor","KEGG: hsa04512"
"C2","C1","COL6A2","SDC4",0.0441563215511481,0.02,"COL6A2_SDC4","COL6A2 - SDC4","COLLAGEN","ECM-Receptor","KEGG: hsa04512"
"C0","C2","COL6A2","SDC4",0.0972979441382277,0,"COL6A2_SDC4","COL6A2 - SDC4","COLLAGEN","ECM-Receptor","KEGG: hsa04512"
"C1","C2","COL6A2","SDC4",0.11302482478554,0,"COL6A2_SDC4","COL6A2 - SDC4","COLLAGEN","ECM-Receptor","KEGG: hsa04512"
"C2","C2","COL6A2","SDC4",0.122079364489393,0,"COL6A2_SDC4","COL6A2 - SDC4","COLLAGEN","ECM-Receptor","KEGG: hsa04512"
"C3","C2","COL6A2","SDC4",0.115616576656992,0,"COL6A2_SDC4","COL6A2 - SDC4","COLLAGEN","ECM-Receptor","KEGG: hsa04512"
"C0","C3","COL6A2","SDC4",0.0471771015539232,0.01,"COL6A2_SDC4","COL6A2 - SDC4","COLLAGEN","ECM-Receptor","KEGG: hsa04512"
"C1","C3","COL6A2","SDC4",0.0552989172593825,0,"COL6A2_SDC4","COL6A2 - SDC4","COLLAGEN","ECM-Receptor","KEGG: hsa04512"
"C2","C3","COL6A2","SDC4",0.0600420179679763,0,"COL6A2_SDC4","COL6A2 - SDC4","COLLAGEN","ECM-Receptor","KEGG: hsa04512"
"C3","C3","COL6A2","SDC4",0.0566515122362734,0,"COL6A2_SDC4","COL6A2 - SDC4","COLLAGEN","ECM-Receptor","KEGG: hsa04512"
"C1","C1","COL6A3","SDC4",0.032362145206557,0,"COL6A3_SDC4","COL6A3 - SDC4","COLLAGEN","ECM-Receptor","KEGG: hsa04512"
"C0","C2","COL6A3","SDC4",0.0638467759287543,0,"COL6A3_SDC4","COL6A3 - SDC4","COLLAGEN","ECM-Receptor","KEGG: hsa04512"
"C1","C2","COL6A3","SDC4",0.0914635005732879,0,"COL6A3_SDC4","COL6A3 - SDC4","COLLAGEN","ECM-Receptor","KEGG: hsa04512"
"C2","C2","COL6A3","SDC4",0.0407385969955781,0,"COL6A3_SDC4","COL6A3 - SDC4","COLLAGEN","ECM-Receptor","KEGG: hsa04512"
"C0","C3","COL6A3","SDC4",0.0303776713702448,0,"COL6A3_SDC4","COL6A3 - SDC4","COLLAGEN","ECM-Receptor","KEGG: hsa04512"
"C1","C3","COL6A3","SDC4",0.0442009760728215,0,"COL6A3_SDC4","COL6A3 - SDC4","COLLAGEN","ECM-Receptor","KEGG: hsa04512"
