"source","target","ligand","receptor","prob","pval","interaction_name","interaction_name_2","pathway_name","annotation","evidence"
"C0","C2","FN1","ITGA3_ITGB1",0.0211829724991469,0,"FN1_ITGA3_ITGB1","FN1 - (ITGA3+ITGB1)","FN1","ECM-Receptor","KEGG: hsa04512"
"C1","C2","FN1","ITGA3_ITGB1",0.0371098645817552,0,"FN1_ITGA3_ITGB1","FN1 - (ITGA3+ITGB1)","FN1","ECM-Receptor","KEGG: hsa04512"
"C2","C2","FN1","ITGA3_ITGB1",0.0471998611532605,0,"FN1_ITGA3_ITGB1","FN1 - (ITGA3+ITGB1)","FN1","ECM-Receptor","KEGG: hsa04512"
"C3","C2","FN1","ITGA3_ITGB1",0.0569249928473863,0,"FN1_ITGA3_ITGB1","FN1 - (ITGA3+ITGB1)","FN1","ECM-Receptor","KEGG: hsa04512"
"C2","C1","FN1","ITGA5_ITGB1",0.0447665445620029,0.03,"FN1_ITGA5_ITGB1","FN1 - (ITGA5+ITGB1)","FN1","ECM-Receptor","KEGG: hsa04512"
"C3","C1","FN1","ITGA5_ITGB1",0.0540187366853825,0,"FN1_ITGA5_ITGB1","FN1 - (ITGA5+ITGB1)","FN1","ECM-Receptor","KEGG: hsa04512"
"C1","C2","FN1","ITGA5_ITGB1",0.0651273272760043,0,"FN1_ITGA5_ITGB1","FN1 - (ITGA5+ITGB1)","FN1","ECM-Receptor","KEGG: hsa04512"
"C2","C2","FN1","ITGA5_ITGB1",0.0821849408754718,0,"FN1_ITGA5_ITGB1","FN1 - (ITGA5+ITGB1)","FN1","ECM-Receptor","KEGG: hsa04512"
"C3","C2","FN1","ITGA5_ITGB1",0.0983742050393554,0,"FN1_ITGA5_ITGB1","FN1 - (ITGA5+ITGB1)","FN1","ECM-Receptor","KEGG: hsa04512"
"C1","C3","FN1","ITGA5_ITGB1",0.0569598869467468,0,"FN1_ITGA5_ITGB1","FN1 - (ITGA5+ITGB1)","FN1","ECM-Receptor","KEGG: hsa04512"
"C2","C3","FN1","ITGA5_ITGB1",0.072043198964052,0,"FN1_ITGA5_ITGB1","FN1 - (ITGA5+ITGB1)","FN1","ECM-Receptor","KEGG: hsa04512"
"C3","C3","FN1","ITGA5_ITGB1",0.0864227980094367,0,"FN1_ITGA5_ITGB1","FN1 - (ITGA5+ITGB1)","FN1","ECM-Receptor","KEGG: hsa04512"
"C0","C2","FN1","ITGA8_ITGB1",0.0389906650523257,0.02,"FN1_ITGA8_ITGB1","FN1 - (ITGA8+ITGB1)","FN1","ECM-Receptor","KEGG: hsa04512"
"C1","C2","FN1","ITGA8_ITGB1",0.0673849197745582,0,"FN1_ITGA8_ITGB1","FN1 - (ITGA8+ITGB1)","FN1","ECM-Receptor","KEGG: hsa04512"
"C2","C2","FN1","ITGA8_ITGB1",0.0849800750628298,0,"FN1_ITGA8_ITGB1","FN1 - (ITGA8+ITGB1)","FN1","ECM-Receptor","KEGG: hsa04512"
"C3","C2","FN1","ITGA8_ITGB1",0.101658955200769,0,"FN1_ITGA8_ITGB1","FN1 - (ITGA8+ITGB1)","FN1","ECM-Receptor","KEGG: hsa04512"
"C0","C3","FN1","ITGA8_ITGB1",0.0511020149057461,0,"FN1_ITGA8_ITGB1","FN1 - (ITGA8+ITGB1)","FN1","ECM-Receptor","KEGG: hsa04512"
"C1","C3","FN1","ITGA8_ITGB1",0.0875129741053676,0,"FN1_ITGA8_ITGB1","FN1 - (ITGA8+ITGB1)","FN1","ECM-Receptor","KEGG: hsa04512"
"C2","C3","FN1","ITGA8_ITGB1",0.109745382709322,0,"FN1_ITGA8_ITGB1","FN1 - (ITGA8+ITGB1)","FN1","ECM-Receptor","KEGG: hsa04512"
"C3","C3","FN1","ITGA8_ITGB1",0.130591195150757,0,"FN1_ITGA8_ITGB1","FN1 - (ITGA8+ITGB1)","FN1","ECM-Receptor","KEGG: hsa04512"
"C2","C1","FN1","ITGAV_ITGB1",0.0446982194114155,0,"FN1_ITGAV_ITGB1","FN1 - (ITGAV+ITGB1)","FN1","ECM-Receptor","KEGG: hsa04512"
"C3","C1","FN1","ITGAV_ITGB1",0.0539370876839306,0,"FN1_ITGAV_ITGB1","FN1 - (ITGAV+ITGB1)","FN1","ECM-Receptor","KEGG: hsa04512"
"C2","C2","FN1","ITGAV_ITGB1",0.0505191662714107,0,"FN1_ITGAV_ITGB1","FN1 - (ITGAV+ITGB1)","FN1","ECM-Receptor","KEGG: hsa04512"
"C3","C2","FN1","ITGAV_ITGB1",0.060884510109436,0,"FN1_ITGAV_ITGB1","FN1 - (ITGAV+ITGB1)","FN1","ECM-Receptor","KEGG: hsa04512"
"C1","C3","FN1","ITGAV_ITGB1",0.0509059432780898,0,"FN1_ITGAV_ITGB1","FN1 - (ITGAV+ITGB1)","FN1","ECM-Receptor","KEGG: hsa04512"
"C2","C3","FN1","ITGAV_ITGB1",0.0644957750242737,0,"FN1_ITGAV_ITGB1","FN1 - (ITGAV+ITGB1)","FN1","ECM-Receptor","KEGG: hsa04512"
"C3","C3","FN1","ITGAV_ITGB1",0.0774947363949575,0,"FN1_ITGAV_ITGB1","FN1 - (ITGAV+ITGB1)","FN1","ECM-Receptor","KEGG: hsa04512"
"C3","C1","FN1","ITGAV_ITGB3",0.0520494799361763,0,"FN1_ITGAV_ITGB3","FN1 - (ITGAV+ITGB3)","FN1","ECM-Receptor","KEGG: hsa04512"
"C0","C2","FN1","ITGAV_ITGB3",0.0498598209747157,0,"FN1_ITGAV_ITGB3","FN1 - (ITGAV+ITGB3)","FN1","ECM-Receptor","KEGG: hsa04512"
"C1","C2","FN1","ITGAV_ITGB3",0.0854654158252597,0,"FN1_ITGAV_ITGB3","FN1 - (ITGAV+ITGB3)","FN1","ECM-Receptor","KEGG: hsa04512"
"C2","C2","FN1","ITGAV_ITGB3",0.107238781362061,0,"FN1_ITGAV_ITGB3","FN1 - (ITGAV+ITGB3)","FN1","ECM-Receptor","KEGG: hsa04512"
"C3","C2","FN1","ITGAV_ITGB3",0.127676755702779,0,"FN1_ITGAV_ITGB3","FN1 - (ITGAV+ITGB3)","FN1","ECM-Receptor","KEGG: hsa04512"
"C1","C3","FN1","ITGAV_ITGB3",0.0509348096895568,0,"FN1_ITGAV_ITGB3","FN1 - (ITGAV+ITGB3)","FN1","ECM-Receptor","KEGG: hsa04512"
"C2","C3","FN1","ITGAV_ITGB3",0.0645318236362856,0,"FN1_ITGAV_ITGB3","FN1 - (ITGAV+ITGB3)","FN1","ECM-Receptor","KEGG: hsa04512"
"C3","C3","FN1","ITGAV_ITGB3",0.0775374483266952,0,"FN1_ITGAV_ITGB3","FN1 - (ITGAV+ITGB3)","FN1","ECM-Receptor","KEGG: hsa04512"
"C1","C1","FN1","ITGAV_ITGB8",0.0568232716068896,0,"FN1_ITGAV_ITGB8","FN1 - (ITGAV+ITGB8)","FN1","ECM-Receptor","KEGG: hsa04512"
"C2","C1","FN1","ITGAV_ITGB8",0.0718731642519784,0,"FN1_ITGAV_ITGB8","FN1 - (ITGAV+ITGB8)","FN1","ECM-Receptor","KEGG: hsa04512"
"C3","C1","FN1","ITGAV_ITGB8",0.086221978314693,0,"FN1_ITGAV_ITGB8","FN1 - (ITGAV+ITGB8)","FN1","ECM-Receptor","KEGG: hsa04512"
"C0","C1","FN1","CD44",0.0747578932140685,0,"FN1_CD44","FN1 - CD44","FN1","ECM-Receptor","KEGG: hsa04512"
"C1","C1","FN1","CD44",0.125789636223541,0,"FN1_CD44","FN1 - CD44","FN1","ECM-Receptor","KEGG: hsa04512"
"C2","C1","FN1","CD44",0.156082793541731,0,"FN1_CD44","FN1 - CD44","FN1","ECM-Receptor","KEGG: hsa04512"
"C3","C1","FN1","CD44",0.18391198345464,0,"FN1_CD44","FN1 - CD44","FN1","ECM-Receptor","KEGG: hsa04512"
"C3","C2","FN1","CD44",0.0666076920002822,0.01,"FN1_CD44","FN1 - CD44","FN1","ECM-Receptor","KEGG: hsa04512"
"C2","C3","FN1","CD44",0.0667193200747847,0,"FN1_CD44","FN1 - CD44","FN1","ECM-Receptor","KEGG: hsa04512"
"C3","C3","FN1","CD44",0.0801280463114658,0,"FN1_CD44","FN1 - CD44","FN1","ECM-Receptor","KEGG: hsa04512"
"C2","C1","FN1","SDC4",0.0493246376810759,0,"FN1_SDC4","FN1 - SDC4","FN1","ECM-Receptor","KEGG: hsa04512"
"C3","C1","FN1","SDC4",0.0594602408191234,0,"FN1_SDC4","FN1 - SDC4","FN1","ECM-Receptor","KEGG: hsa04512"
"C0","C2","FN1","SDC4",0.0638697765391487,0,"FN1_SDC4","FN1 - SDC4","FN1","ECM-Receptor","KEGG: hsa04512"
"C1","C2","FN1","SDC4",0.108339294554978,0,"FN1_SDC4","FN1 - SDC4","FN1","ECM-Receptor","KEGG: hsa04512"
"C2","C2","FN1","SDC4",0.135079338253063,0,"FN1_SDC4","FN1 - SDC4","FN1","ECM-Receptor","KEGG: hsa04512"
"C3","C2","FN1","SDC4",0.159873095886993,0,"FN1_SDC4","FN1 - SDC4","FN1","ECM-Receptor","KEGG: hsa04512"
"C1","C3","FN1","SDC4",0.0528638311505381,0,"FN1_SDC4","FN1 - SDC4","FN1","ECM-Receptor","KEGG: hsa04512"
"C2","C3","FN1","SDC4",0.0669394755777029,0,"FN1_SDC4","FN1 - SDC4","FN1","ECM-Receptor","KEGG: hsa04512"
"C3","C3","FN1","SDC4",0.0803886358645218,0,"FN1_SDC4","FN1 - SDC4","FN1","ECM-Receptor","KEGG: hsa04512"
