"source","target","ligand","receptor","prob","pval","interaction_name","interaction_name_2","pathway_name","annotation","evidence"
"C1","C1","JAG1","NOTCH1",0.00344274495580755,0,"JAG1_NOTCH1","JAG1 - NOTCH1","NOTCH","Cell-Cell Contact","PMID: 22353464"
"C2","C1","JAG1","NOTCH1",0.0118643744469887,0,"JAG1_NOTCH1","JAG1 - NOTCH1","NOTCH","Cell-Cell Contact","PMID: 22353464"
"C3","C1","JAG1","NOTCH1",0.0119416221500693,0,"JAG1_NOTCH1","JAG1 - NOTCH1","NOTCH","Cell-Cell Contact","PMID: 22353464"
"C2","C1","JAG1","NOTCH2",0.00912328664706848,0,"JAG1_NOTCH2","JAG1 - NOTCH2","NOTCH","Cell-Cell Contact","PMID: 22353464"
"C3","C1","JAG1","NOTCH2",0.00918285326727046,0,"JAG1_NOTCH2","JAG1 - NOTCH2","NOTCH","Cell-Cell Contact","PMID: 22353464"
"C2","C2","JAG1","NOTCH2",0.0134179985340855,0,"JAG1_NOTCH2","JAG1 - NOTCH2","NOTCH","Cell-Cell Contact","PMID: 22353464"
"C3","C2","JAG1","NOTCH2",0.0135052234692093,0,"JAG1_NOTCH2","JAG1 - NOTCH2","NOTCH","Cell-Cell Contact","PMID: 22353464"
"C2","C1","JAG1","NOTCH3",0.0182873436552066,0,"JAG1_NOTCH3","JAG1 - NOTCH3","NOTCH","Cell-Cell Contact","PMID: 22353464"
"C3","C1","JAG1","NOTCH3",0.0184056316880027,0,"JAG1_NOTCH3","JAG1 - NOTCH3","NOTCH","Cell-Cell Contact","PMID: 22353464"
"C1","C2","JAG1","NOTCH3",0.0289512618412201,0,"JAG1_NOTCH3","JAG1 - NOTCH3","NOTCH","Cell-Cell Contact","PMID: 22353464"
"C2","C2","JAG1","NOTCH3",0.0938926926360938,0,"JAG1_NOTCH3","JAG1 - NOTCH3","NOTCH","Cell-Cell Contact","PMID: 22353464"
"C3","C2","JAG1","NOTCH3",0.0944529672315504,0,"JAG1_NOTCH3","JAG1 - NOTCH3","NOTCH","Cell-Cell Contact","PMID: 22353464"
"C1","C3","JAG1","NOTCH3",0.0248059455974901,0,"JAG1_NOTCH3","JAG1 - NOTCH3","NOTCH","Cell-Cell Contact","PMID: 22353464"
"C2","C3","JAG1","NOTCH3",0.0812266983804519,0,"JAG1_NOTCH3","JAG1 - NOTCH3","NOTCH","Cell-Cell Contact","PMID: 22353464"
"C3","C3","JAG1","NOTCH3",0.0817182089918706,0,"JAG1_NOTCH3","JAG1 - NOTCH3","NOTCH","Cell-Cell Contact","PMID: 22353464"
