"source","target","ligand","receptor","prob","pval","interaction_name","interaction_name_2","pathway_name","annotation","evidence"
"C1","C2","TNC","ITGA8_ITGB1",0.0261512776024815,0,"TNC_ITGA8_ITGB1","TNC - (ITGA8+ITGB1)","TENASCIN","ECM-Receptor","KEGG: hsa04512"
"C2","C2","TNC","ITGA8_ITGB1",0.0723804965125353,0,"TNC_ITGA8_ITGB1","TNC - (ITGA8+ITGB1)","TENASCIN","ECM-Receptor","KEGG: hsa04512"
"C3","C2","TNC","ITGA8_ITGB1",0.0612660759651647,0,"TNC_ITGA8_ITGB1","TNC - (ITGA8+ITGB1)","TENASCIN","ECM-Receptor","KEGG: hsa04512"
"C1","C3","TNC","ITGA8_ITGB1",0.034417265869092,0,"TNC_ITGA8_ITGB1","TNC - (ITGA8+ITGB1)","TENASCIN","ECM-Receptor","KEGG: hsa04512"
"C2","C3","TNC","ITGA8_ITGB1",0.0938505811452335,0,"TNC_ITGA8_ITGB1","TNC - (ITGA8+ITGB1)","TENASCIN","ECM-Receptor","KEGG: hsa04512"
"C3","C3","TNC","ITGA8_ITGB1",0.0797226538070779,0,"TNC_ITGA8_ITGB1","TNC - (ITGA8+ITGB1)","TENASCIN","ECM-Receptor","KEGG: hsa04512"
"C0","C2","TNXB","ITGA8_ITGB1",0.0421195107674389,0,"TNXB_ITGA8_ITGB1","TNXB - (ITGA8+ITGB1)","TENASCIN","ECM-Receptor","KEGG: hsa04512"
"C1","C2","TNXB","ITGA8_ITGB1",0.058168837013013,0,"TNXB_ITGA8_ITGB1","TNXB - (ITGA8+ITGB1)","TENASCIN","ECM-Receptor","KEGG: hsa04512"
"C2","C2","TNXB","ITGA8_ITGB1",0.0236857601811687,0.01,"TNXB_ITGA8_ITGB1","TNXB - (ITGA8+ITGB1)","TENASCIN","ECM-Receptor","KEGG: hsa04512"
"C0","C3","TNXB","ITGA8_ITGB1",0.055146977030068,0,"TNXB_ITGA8_ITGB1","TNXB - (ITGA8+ITGB1)","TENASCIN","ECM-Receptor","KEGG: hsa04512"
"C1","C3","TNXB","ITGA8_ITGB1",0.0757676719673882,0,"TNXB_ITGA8_ITGB1","TNXB - (ITGA8+ITGB1)","TENASCIN","ECM-Receptor","KEGG: hsa04512"
"C2","C3","TNXB","ITGA8_ITGB1",0.0311974042929315,0,"TNXB_ITGA8_ITGB1","TNXB - (ITGA8+ITGB1)","TENASCIN","ECM-Receptor","KEGG: hsa04512"
"C2","C1","TNC","ITGAV_ITGB3",0.0364786983720888,0,"TNC_ITGAV_ITGB3","TNC - (ITGAV+ITGB3)","TENASCIN","ECM-Receptor","KEGG: hsa04512"
"C3","C1","TNC","ITGAV_ITGB3",0.0306947735044792,0,"TNC_ITGAV_ITGB3","TNC - (ITGAV+ITGB3)","TENASCIN","ECM-Receptor","KEGG: hsa04512"
"C1","C2","TNC","ITGAV_ITGB3",0.0335663000277841,0,"TNC_ITGAV_ITGB3","TNC - (ITGAV+ITGB3)","TENASCIN","ECM-Receptor","KEGG: hsa04512"
"C2","C2","TNC","ITGAV_ITGB3",0.0916696372530428,0,"TNC_ITGAV_ITGB3","TNC - (ITGAV+ITGB3)","TENASCIN","ECM-Receptor","KEGG: hsa04512"
"C3","C2","TNC","ITGAV_ITGB3",0.0778418180786626,0,"TNC_ITGAV_ITGB3","TNC - (ITGAV+ITGB3)","TENASCIN","ECM-Receptor","KEGG: hsa04512"
"C1","C3","TNC","ITGAV_ITGB3",0.0195561120359817,0,"TNC_ITGAV_ITGB3","TNC - (ITGAV+ITGB3)","TENASCIN","ECM-Receptor","KEGG: hsa04512"
"C2","C3","TNC","ITGAV_ITGB3",0.0547824945256354,0,"TNC_ITGAV_ITGB3","TNC - (ITGAV+ITGB3)","TENASCIN","ECM-Receptor","KEGG: hsa04512"
"C3","C3","TNC","ITGAV_ITGB3",0.0462356531702365,0,"TNC_ITGAV_ITGB3","TNC - (ITGAV+ITGB3)","TENASCIN","ECM-Receptor","KEGG: hsa04512"
"C1","C1","TNXB","ITGAV_ITGB3",0.0290951318557041,0,"TNXB_ITGAV_ITGB3","TNXB - (ITGAV+ITGB3)","TENASCIN","ECM-Receptor","KEGG: hsa04512"
"C0","C2","TNXB","ITGAV_ITGB3",0.0538120337106346,0,"TNXB_ITGAV_ITGB3","TNXB - (ITGAV+ITGB3)","TENASCIN","ECM-Receptor","KEGG: hsa04512"
"C1","C2","TNXB","ITGAV_ITGB3",0.0739726430250477,0,"TNXB_ITGAV_ITGB3","TNXB - (ITGAV+ITGB3)","TENASCIN","ECM-Receptor","KEGG: hsa04512"
"C2","C2","TNXB","ITGAV_ITGB3",0.0304235410507433,0,"TNXB_ITGAV_ITGB3","TNXB - (ITGAV+ITGB3)","TENASCIN","ECM-Receptor","KEGG: hsa04512"
"C0","C3","TNXB","ITGAV_ITGB3",0.0316280596097157,0,"TNXB_ITGAV_ITGB3","TNXB - (ITGAV+ITGB3)","TENASCIN","ECM-Receptor","KEGG: hsa04512"
"C1","C3","TNXB","ITGAV_ITGB3",0.0438627565173189,0,"TNXB_ITGAV_ITGB3","TNXB - (ITGAV+ITGB3)","TENASCIN","ECM-Receptor","KEGG: hsa04512"
"C2","C1","TNC","SDC4",0.041770191749911,0,"TNC_SDC4","TNC - SDC4","TENASCIN","ECM-Receptor","KEGG: hsa04512"
"C3","C1","TNC","SDC4",0.0351778992771519,0,"TNC_SDC4","TNC - SDC4","TENASCIN","ECM-Receptor","KEGG: hsa04512"
"C1","C2","TNC","SDC4",0.0432061796333863,0,"TNC_SDC4","TNC - SDC4","TENASCIN","ECM-Receptor","KEGG: hsa04512"
"C2","C2","TNC","SDC4",0.115993402056672,0,"TNC_SDC4","TNC - SDC4","TENASCIN","ECM-Receptor","KEGG: hsa04512"
"C3","C2","TNC","SDC4",0.098895966519857,0,"TNC_SDC4","TNC - SDC4","TENASCIN","ECM-Receptor","KEGG: hsa04512"
"C1","C3","TNC","SDC4",0.0203221948782325,0,"TNC_SDC4","TNC - SDC4","TENASCIN","ECM-Receptor","KEGG: hsa04512"
"C2","C3","TNC","SDC4",0.0568485082867639,0,"TNC_SDC4","TNC - SDC4","TENASCIN","ECM-Receptor","KEGG: hsa04512"
"C3","C3","TNC","SDC4",0.047995706609511,0,"TNC_SDC4","TNC - SDC4","TENASCIN","ECM-Receptor","KEGG: hsa04512"
"C0","C1","TNXB","SDC4",0.0239760465190896,0.04,"TNXB_SDC4","TNXB - SDC4","TENASCIN","ECM-Receptor","KEGG: hsa04512"
"C1","C1","TNXB","SDC4",0.0333526610660376,0,"TNXB_SDC4","TNXB - SDC4","TENASCIN","ECM-Receptor","KEGG: hsa04512"
"C0","C2","TNXB","SDC4",0.0688520352280988,0,"TNXB_SDC4","TNXB - SDC4","TENASCIN","ECM-Receptor","KEGG: hsa04512"
"C1","C2","TNXB","SDC4",0.0940870566745561,0,"TNXB_SDC4","TNXB - SDC4","TENASCIN","ECM-Receptor","KEGG: hsa04512"
"C2","C2","TNXB","SDC4",0.0391974612292628,0,"TNXB_SDC4","TNXB - SDC4","TENASCIN","ECM-Receptor","KEGG: hsa04512"
"C0","C3","TNXB","SDC4",0.0328511985606191,0,"TNXB_SDC4","TNXB - SDC4","TENASCIN","ECM-Receptor","KEGG: hsa04512"
"C1","C3","TNXB","SDC4",0.04553679355507,0,"TNXB_SDC4","TNXB - SDC4","TENASCIN","ECM-Receptor","KEGG: hsa04512"
