"source","target","ligand","receptor","prob","pval","interaction_name","interaction_name_2","pathway_name","annotation","evidence"
"C0","C1","CXCL12","ACKR3",0.00349495621159482,0,"CXCL12_ACKR3","CXCL12 - ACKR3","CXCL","Secreted Signaling","KEGG: hsa04060"
"C1","C1","CXCL12","ACKR3",0.00796775260998652,0,"CXCL12_ACKR3","CXCL12 - ACKR3","CXCL","Secreted Signaling","KEGG: hsa04060"
"C2","C1","CXCL12","ACKR3",0.00266073439956088,0,"CXCL12_ACKR3","CXCL12 - ACKR3","CXCL","Secreted Signaling","KEGG: hsa04060"
"C3","C1","CXCL12","ACKR3",0.00440275313811743,0,"CXCL12_ACKR3","CXCL12 - ACKR3","CXCL","Secreted Signaling","KEGG: hsa04060"
